站名,代号,拼音,简写,序号
北京北,VAP,beijingbei,bjb,0
北京东,BOP,beijingdong,bjd,1
北京,BJP,beijing,bj,2
北京南,VNP,beijingnan,bjn,3
北京西,BXP,beijingxi,bjx,4
广州南,IZQ,guangzhounan,gzn,5
重庆北,CUW,chongqingbei,cqb,6
重庆,CQW,chongqing,cq,7
重庆南,CRW,chongqingnan,cqn,8
重庆西,CXW,chongqingxi,cqx,9
广州东,GGQ,guangzhoudong,gzd,10
上海,SHH,shanghai,sh,11
上海南,SNH,shanghainan,shn,12
上海虹桥,AOH,shanghaihongqiao,shhq,13
上海西,SXH,shanghaixi,shx,14
天津北,TBP,tianjinbei,tjb,15
天津,TJP,tianjin,tj,16
天津南,TIP,tianjinnan,tjn,17
天津西,TXP,tianjinxi,tjx,18
香港西九龙,XJA,hkwestkowloon,xgxjl,19
长春,CCT,changchun,cc,20
长春南,CET,changchunnan,ccn,21
长春西,CRT,changchunxi,ccx,22
成都东,ICW,chengdudong,cdd,23
成都南,CNW,chengdunan,cdn,24
成都,CDW,chengdu,cd,25
长沙,CSQ,changsha,cs,26
长沙南,CWQ,changshanan,csn,27
大明湖,JAK,daminghu,dmh,28
福州,FZS,fuzhou,fz,29
福州南,FYS,fuzhounan,fzn,30
贵阳,GIW,guiyang,gy,31
广州,GZQ,guangzhou,gz,32
广州西,GXQ,guangzhouxi,gzx,33
哈尔滨,HBB,haerbin,heb,34
哈尔滨东,VBB,haerbindong,hebd,35
哈尔滨西,VAB,haerbinxi,hebx,36
合肥,HFH,hefei,hf,37
合肥西,HTH,hefeixi,hfx,38
呼和浩特东,NDC,huhehaotedong,hhhtd,39
呼和浩特,HHC,huhehaote,hhht,40
海  口东,KEQ,haikoudong,hkd,41
海口东,HMQ,haikoudong,hkd,42
海口,VUQ,haikou,hk,43
杭州东,HGH,hangzhoudong,hzd,44
杭州,HZH,hangzhou,hz,45
杭州南,XHH,hangzhounan,hzn,46
济南,JNK,jinan,jn,47
济南西,JGK,jinanxi,jnx,48
昆明,KMM,kunming,km,49
昆明西,KXM,kunmingxi,kmx,50
拉萨,LSO,lasa,ls,51
兰州东,LVJ,lanzhoudong,lzd,52
兰州,LZJ,lanzhou,lz,53
兰州西,LAJ,lanzhouxi,lzx,54
南昌,NCG,nanchang,nc,55
南京,NJH,nanjing,nj,56
南京南,NKH,nanjingnan,njn,57
南宁,NNZ,nanning,nn,58
石家庄北,VVP,shijiazhuangbei,sjzb,59
石家庄,SJP,shijiazhuang,sjz,60
沈阳,SYT,shenyang,sy,61
沈阳北,SBT,shenyangbei,syb,62
沈阳东,SDT,shenyangdong,syd,63
沈阳南,SOT,shenyangnan,syn,64
太原北,TBV,taiyuanbei,tyb,65
太原东,TDV,taiyuandong,tyd,66
太原,TYV,taiyuan,ty,67
武汉,WHN,wuhan,wh,68
王家营西,KNM,wangjiayingxi,wjyx,69
乌鲁木齐,WAR,wulumuqi,wlmq,70
西安北,EAY,xianbei,xab,71
西安,XAY,xian,xa,72
西安南,CAY,xiannan,xan,73
西宁,XNO,xining,xn,74
银川,YIJ,yinchuan,yc,75
郑州,ZZF,zhengzhou,zz,76
阿尔山,ART,aershan,aes,77
安康,AKY,ankang,ak,78
阿克苏,ASR,akesu,aks,79
阿里河,AHX,alihe,alh,80
阿拉山口,AKR,alashankou,alsk,81
安平,APT,anping,ap,82
安庆,AQH,anqing,aq,83
安顺,ASW,anshun,as,84
鞍山,AST,anshan,as,85
安阳,AYF,anyang,ay,86
北安,BAB,beian,ba,87
蚌埠,BBH,bengbu,bb,88
白城,BCT,baicheng,bc,89
北海,BHZ,beihai,bh,90
白河,BEL,baihe,bh,91
白涧,BAP,baijian,bj,92
宝鸡,BJY,baoji,bj,93
滨江,BJB,binjiang,bj,94
博克图,BKX,boketu,bkt,95
百色,BIZ,baise,bs,96
白山市,HJL,baishanshi,bss,97
北台,BTT,beitai,bt,98
包头东,BDC,baotoudong,btd,99
包头,BTC,baotou,bt,100
北屯市,BXR,beitunshi,bts,101
本溪,BXT,benxi,bx,102
白云鄂博,BEC,baiyunebo,byeb,103
白银西,BXJ,baiyinxi,byx,104
亳州,BZH,bozhou,bz,105
赤壁,CBN,chibi,cb,106
常德,VGQ,changde,cd,107
承德,CDP,chengde,cd,108
长甸,CDT,changdian,cd,109
赤峰,CFD,chifeng,cf,110
茶陵,CDG,chaling,cl,111
苍南,CEH,cangnan,cn,112
昌平,CPP,changping,cp,113
崇仁,CRG,chongren,cr,114
昌图,CTT,changtu,ct,115
长汀镇,CDB,changtingzhen,ctz,116
曹县,CXK,caoxian,cx,117
楚雄南,COM,chuxiongnan,cxn,118
陈相屯,CXT,chenxiangtun,cxt,119
长治北,CBF,changzhibei,czb,120
池州,IYH,chizhou,cz,121
长征,CZJ,changzheng,cz,122
常州,CZH,changzhou,cz,123
郴州,CZQ,chenzhou,cz,124
长治,CZF,changzhi,cz,125
沧州,COP,cangzhou,cz,126
崇左,CZZ,chongzuo,cz,127
大安北,RNT,daanbei,dab,128
大成,DCT,dacheng,dc,129
丹东,DUT,dandong,dd,130
东方红,DFB,dongfanghong,dfh,131
东莞东,DMQ,dongguandong,dgd,132
大虎山,DHD,dahushan,dhs,133
敦化,DHL,dunhua,dh,134
敦煌,DHJ,dunhuang,dh,135
德惠,DHT,dehui,dh,136
东京城,DJB,dongjingcheng,djc,137
大涧,DFP,dajian,dj,138
都江堰,DDW,dujiangyan,djy,139
大连北,DFT,dalianbei,dlb,140
大理,DKM,dali,dl,141
大连,DLT,dalian,dl,142
定南,DNG,dingnan,dn,143
大庆,DZX,daqing,dq,144
东胜,DOC,dongsheng,ds,145
大石桥,DQT,dashiqiao,dsq,146
大同,DTV,datong,dt,147
东营,DPK,dongying,dy,148
大杨树,DUX,dayangshu,dys,149
都匀,RYW,duyun,dy,150
邓州,DOF,dengzhou,dz,151
达州,RXW,dazhou,dz,152
德州,DZP,dezhou,dz,153
额济纳,EJC,ejina,ejn,154
二连,RLC,erlian,el,155
恩施,ESN,enshi,es,156
福鼎,FES,fuding,fd,157
凤凰机场,FJQ,fenghuangjichang,fhjc,158
风陵渡,FLV,fenglingdu,fld,159
涪陵,FLW,fuling,fl,160
富拉尔基,FRX,fulaerji,flej,161
抚顺北,FET,fushunbei,fsb,162
佛山,FSQ,foshan,fs,163
阜新南,FXD,fuxinnan,fxn,164
阜阳,FYH,fuyang,fy,165
格尔木,GRO,geermu,gem,166
广汉,GHW,guanghan,gh,167
古交,GJV,gujiao,gj,168
桂林北,GBZ,guilinbei,glb,169
古莲,GRX,gulian,gl,170
桂林,GLZ,guilin,gl,171
固始,GXN,gushi,gs,172
广水,GSN,guangshui,gs,173
干塘,GNJ,gantang,gt,174
广元,GYW,guangyuan,gy,175
广州北,GBQ,guangzhoubei,gzb,176
赣州,GZG,ganzhou,gz,177
公主岭,GLT,gongzhuling,gzl,178
公主岭南,GBT,gongzhulingnan,gzln,179
淮安,AUH,huaian,ha,180
淮北,HRH,huaibei,hb,181
鹤北,HMB,hebei,hb,182
淮滨,HVN,huaibin,hb,183
河边,HBV,hebian,hb,184
潢川,KCN,huangchuan,hc,185
韩城,HCY,hancheng,hc,186
邯郸,HDP,handan,hd,187
横道河子,HDB,hengdaohezi,hdhz,188
鹤岗,HGB,hegang,hg,189
皇姑屯,HTT,huanggutun,hgt,190
红果,HEM,hongguo,hg,191
黑河,HJB,heihe,hh,192
怀化,HHQ,huaihua,hh,193
汉口,HKN,hankou,hk,194
葫芦岛,HLD,huludao,hld,195
海拉尔,HRX,hailaer,hle,196
霍林郭勒,HWD,huolinguole,hlgl,197
海伦,HLB,hailun,hl,198
侯马,HMV,houma,hm,199
哈密,HMR,hami,hm,200
淮南,HAH,huainan,hn,201
桦南,HNB,huanan,hn,202
海宁西,EUH,hainingxi,hnx,203
鹤庆,HQM,heqing,hq,204
怀柔北,HBP,huairoubei,hrb,205
怀柔,HRP,huairou,hr,206
黄石东,OSN,huangshidong,hsd,207
华山,HSY,huashan,hs,208
黄山,HKH,huangshan,hs,209
黄石,HSN,huangshi,hs,210
衡水,HSP,hengshui,hs,211
衡阳,HYQ,hengyang,hy,212
菏泽,HIK,heze,hz,213
贺州,HXZ,hezhou,hz,214
汉中,HOY,hanzhong,hz,215
惠州,HCQ,huizhou,hz,216
吉安,VAG,jian,ja,217
集安,JAL,jian,ja,218
江边村,JBG,jiangbiancun,jbc,219
晋城,JCF,jincheng,jc,220
金城江,JJZ,jinchengjiang,jcj,221
景德镇,JCG,jingdezhen,jdz,222
嘉峰,JFF,jiafeng,jf,223
加格达奇,JGX,jiagedaqi,jgdq,224
井冈山,JGG,jinggangshan,jgs,225
蛟河,JHL,jiaohe,jh,226
金华南,RNH,jinhuanan,jhn,227
金华,JBH,jinhua,jh,228
九江,JJG,jiujiang,jj,229
吉林,JLL,jilin,jl,230
荆门,JMN,jingmen,jm,231
佳木斯,JMB,jiamusi,jms,232
济宁,JIK,jining,jn,233
集宁南,JAC,jiningnan,jnn,234
酒泉,JQJ,jiuquan,jq,235
江山,JUH,jiangshan,js,236
吉首,JIQ,jishou,js,237
九台,JTL,jiutai,jt,238
镜铁山,JVJ,jingtieshan,jts,239
鸡西,JXB,jixi,jx,240
绩溪县,JRH,jixixian,jxx,241
嘉峪关,JGJ,jiayuguan,jyg,242
江油,JFW,jiangyou,jy,243
蓟州北,JKP,jizhoubei,jzb,244
金州,JZT,jinzhou,jz,245
锦州,JZD,jinzhou,jz,246
库尔勒,KLR,kuerle,kel,247
开封,KFF,kaifeng,kf,248
岢岚,KLV,kelan,kl,249
凯里,KLW,kaili,kl,250
喀什,KSR,kashi,ks,251
昆山南,KNH,kunshannan,ksn,252
奎屯,KTR,kuitun,kt,253
开原,KYT,kaiyuan,ky,254
六安,UAH,luan,la,255
灵宝,LBF,lingbao,lb,256
芦潮港,UCH,luchaogang,lcg,257
利川,LCN,lichuan,lc,258
隆昌,LCW,longchang,lc,259
陆川,LKZ,luchuan,lc,260
临川,LCG,linchuan,lc,261
潞城,UTP,lucheng,lc,262
鹿道,LDL,ludao,ld,263
娄底,LDQ,loudi,ld,264
临汾,LFV,linfen,lf,265
良各庄,LGP,lianggezhuang,lgz,266
临河,LHC,linhe,lh,267
漯河,LON,luohe,lh,268
绿化,LWJ,lvhua,lh,269
隆化,UHP,longhua,lh,270
丽江,LHM,lijiang,lj,271
临江,LQL,linjiang,lj,272
龙井,LJL,longjing,lj,273
吕梁,LHV,lvliang,ll,274
醴陵,LLG,liling,ll,275
柳林南,LKV,liulinnan,lln,276
滦平,UPP,luanping,lp,277
六盘水,UMW,liupanshui,lps,278
灵丘,LVV,lingqiu,lq,279
旅顺,LST,lvshun,ls,280
兰溪,LWH,lanxi,lx,281
陇西,LXJ,longxi,lx,282
澧县,LEQ,lixian,lx,283
临西,UEP,linxi,lx,284
龙岩,LYS,longyan,ly,285
耒阳,LYQ,leiyang,ly,286
洛阳,LYF,luoyang,ly,287
连云港东,UKH,lianyungangdong,lygd,288
洛阳东,LDF,luoyangdong,lyd,289
临沂,LVK,linyi,ly,290
洛阳龙门,LLF,luoyanglongmen,lylm,291
柳园,DHR,liuyuan,ly,292
凌源,LYD,lingyuan,ly,293
辽源,LYL,liaoyuan,ly,294
立志,LZX,lizhi,lz,295
柳州,LZZ,liuzhou,lz,296
辽中,LZD,liaozhong,lz,297
麻城,MCN,macheng,mc,298
免渡河,MDX,mianduhe,mdh,299
牡丹江,MDB,mudanjiang,mdj,300
莫尔道嘎,MRX,moerdaoga,medg,301
明光,MGH,mingguang,mg,302
满归,MHX,mangui,mg,303
漠河,MVX,mohe,mh,304
茂名,MDQ,maoming,mm,305
茂名西,MMZ,maomingxi,mmx,306
密山,MSB,mishan,ms,307
马三家,MJT,masanjia,msj,308
麻尾,VAW,mawei,mw,309
绵阳,MYW,mianyang,my,310
梅州,MOQ,meizhou,mz,311
满洲里,MLX,manzhouli,mzl,312
宁波东,NVH,ningbodong,nbd,313
宁波,NGH,ningbo,nb,314
南岔,NCB,nancha,nc,315
南充,NCW,nanchong,nc,316
南丹,NDZ,nandan,nd,317
南大庙,NMP,nandamiao,ndm,318
南芬,NFT,nanfen,nf,319
讷河,NHX,nehe,nh,320
嫩江,NGX,nenjiang,nj,321
内江,NJW,neijiang,nj,322
南平,NPS,nanping,np,323
南通,NUH,nantong,nt,324
南阳,NFF,nanyang,ny,325
碾子山,NZX,nianzishan,nzs,326
平顶山,PEN,pingdingshan,pds,327
盘锦,PVD,panjin,pj,328
平凉,PIJ,pingliang,pl,329
平凉南,POJ,pingliangnan,pln,330
平泉,PQP,pingquan,pq,331
坪石,PSQ,pingshi,ps,332
萍乡,PXG,pingxiang,px,333
凭祥,PXZ,pingxiang,px,334
郫县西,PCW,pixianxi,pxx,335
攀枝花,PRW,panzhihua,pzh,336
蕲春,QRN,qichun,qc,337
青城山,QSW,qingchengshan,qcs,338
青岛,QDK,qingdao,qd,339
清河城,QYP,qinghecheng,qhc,340
曲靖,QJM,qujing,qj,341
黔江,QNW,qianjiang,qj,342
前进镇,QEB,qianjinzhen,qjz,343
齐齐哈尔,QHX,qiqihaer,qqhe,344
七台河,QTB,qitaihe,qth,345
沁县,QVV,qinxian,qx,346
泉州东,QRS,quanzhoudong,qzd,347
泉州,QYS,quanzhou,qz,348
衢州,QEH,quzhou,qz,349
融安,RAZ,rongan,ra,350
汝箕沟,RQJ,rujigou,rjg,351
瑞金,RJG,ruijin,rj,352
日照,RZK,rizhao,rz,353
双城堡,SCB,shuangchengpu,scp,354
绥芬河,SFB,suifenhe,sfh,355
韶关东,SGQ,shaoguandong,sgd,356
山海关,SHD,shanhaiguan,shg,357
绥化,SHB,suihua,sh,358
三间房,SFX,sanjianfang,sjf,359
苏家屯,SXT,sujiatun,sjt,360
舒兰,SLL,shulan,sl,361
神木南,OMY,shenmunan,smn,362
三门峡,SMF,sanmenxia,smx,363
商南,ONY,shangnan,sn,364
遂宁,NIW,suining,sn,365
四平,SPT,siping,sp,366
商丘,SQF,shangqiu,sq,367
上饶,SRG,shangrao,sr,368
韶山,SSQ,shaoshan,ss,369
宿松,OAH,susong,ss,370
汕头,OTQ,shantou,st,371
邵武,SWS,shaowu,sw,372
涉县,OEP,shexian,sx,373
三亚,SEQ,sanya,sy,374
三  亚,JUQ,sanya,sya,375
邵阳,SYQ,shaoyang,sy,376
十堰,SNN,shiyan,sy,377
三元区,SMS,sanyuanqu,syq,378
双鸭山,SSB,shuangyashan,sys,379
松原,VYT,songyuan,sy,380
苏州,SZH,suzhou,sz,381
深圳,SZQ,shenzhen,sz,382
宿州,OXH,suzhou,sz,383
随州,SZN,suizhou,sz,384
朔州,SUV,shuozhou,sz,385
深圳西,OSQ,shenzhenxi,szx,386
塘豹,TBQ,tangbao,tb,387
塔尔气,TVX,taerqi,teq,388
潼关,TGY,tongguan,tg,389
塘沽,TGP,tanggu,tg,390
塔河,TXX,tahe,th,391
通化,THL,tonghua,th,392
泰来,TLX,tailai,tl,393
吐鲁番,TFR,tulufan,tlf,394
通辽,TLD,tongliao,tl,395
铁岭,TLT,tieling,tl,396
陶赖昭,TPT,taolaizhao,tlz,397
图们,TML,tumen,tm,398
铜仁,RDQ,tongren,tr,399
唐山北,FUP,tangshanbei,tsb,400
田师府,TFT,tianshifu,tsf,401
泰山,TAK,taishan,ts,402
唐山,TSP,tangshan,ts,403
天水,TSJ,tianshui,ts,404
通远堡,TYT,tongyuanpu,typ,405
太阳升,TQT,taiyangsheng,tys,406
泰州,UTH,taizhou,tz,407
桐梓,TZW,tongzi,tz,408
通州西,TAP,tongzhouxi,tzx,409
五常,WCB,wuchang,wc,410
武昌,WCN,wuchang,wc,411
瓦房店,WDT,wafangdian,wfd,412
威海,WKK,weihai,wh,413
芜湖,WHH,wuhu,wh,414
乌海西,WXC,wuhaixi,whx,415
吴家屯,WJT,wujiatun,wjt,416
乌鲁木齐南,WMR,wulumuqinan,wlmqn,417
武隆,WLW,wulong,wl,418
乌兰浩特,WWT,wulanhaote,wlht,419
渭南,WNY,weinan,wn,420
威舍,WSM,weishe,ws,421
歪头山,WIT,waitoushan,wts,422
武威,WUJ,wuwei,ww,423
武威南,WWJ,wuweinan,wwn,424
无锡,WXH,wuxi,wx,425
乌西,WXR,wuxi,wx,426
乌伊岭,WPB,wuyiling,wyl,427
武夷山,WAS,wuyishan,wys,428
万源,WYY,wanyuan,wy,429
万州,WYW,wanzhou,wz,430
梧州,WZZ,wuzhou,wz,431
温州,RZH,wenzhou,wz,432
温州南,VRH,wenzhounan,wzn,433
西昌,ECW,xichang,xc,434
许昌,XCF,xuchang,xc,435
西昌南,ENW,xichangnan,xcn,436
锡林浩特,XTC,xilinhaote,xlht,437
厦门北,XKS,xiamenbei,xmb,438
厦门,XMS,xiamen,xm,439
厦门高崎,XBS,xiamengaoqi,xmgq,440
宣威,XWM,xuanwei,xw,441
新乡,XXF,xinxiang,xx,442
信阳,XUN,xinyang,xy,443
咸阳,XYY,xianyang,xy,444
襄阳,XFN,xiangyang,xy,445
熊岳城,XYT,xiongyuecheng,xyc,446
新余,XUG,xinyu,xy,447
徐州,XCH,xuzhou,xz,448
延安,YWY,yanan,ya,449
宜宾,YBW,yibin,yb,450
亚布力南,YWB,yabulinan,ybln,451
叶柏寿,YBD,yebaishou,ybs,452
宜昌东,HAN,yichangdong,ycd,453
永川,YCW,yongchuan,yc,454
盐城,AFH,yancheng,yc,455
宜昌,YCN,yichang,yc,456
运城,YNV,yuncheng,yc,457
伊春,YCB,yichun,yc,458
榆次,YCV,yuci,yc,459
杨村,YBP,yangcun,yc,460
宜春西,YCG,yichunxi,ycx,461
伊尔施,YET,yiershi,yes,462
燕岗,YGW,yangang,yg,463
永济,YIV,yongji,yj,464
延吉,YJL,yanji,yj,465
营口,YKT,yingkou,yk,466
牙克石,YKX,yakeshi,yks,467
玉林,YLZ,yulin,yl,468
阎良,YNY,yanliang,yl,469
榆林,ALY,yulin,yl,470
亚龙湾,TWQ,yalongwan,ylw,471
一面坡,YPB,yimianpo,ymp,472
伊宁,YMR,yining,yn,473
阳平关,YAY,yangpingguan,ypg,474
玉屏,YZW,yuping,yp,475
原平,YPV,yuanping,yp,476
延庆,YNP,yanqing,yq,477
阳泉曲,YYV,yangquanqu,yqq,478
玉泉,YQB,yuquan,yq,479
阳泉,AQP,yangquan,yq,480
营山,NUW,yingshan,ys,481
玉山,YNG,yushan,ys,482
燕山,AOP,yanshan,ys,483
榆树,YRT,yushu,ys,484
鹰潭,YTG,yingtan,yt,485
烟台,YAK,yantai,yt,486
伊图里河,YEX,yitulihe,ytlh,487
玉田县,ATP,yutianxian,ytx,488
义乌,YWH,yiwu,yw,489
阳新,YON,yangxin,yx,490
义县,YXD,yixian,yx,491
益阳,AEQ,yiyang,yy,492
岳阳,YYQ,yueyang,yy,493
崖州,YUQ,yazhou,yz,494
扬州,YLH,yangzhou,yz,495
永州,AOQ,yongzhou,yz,496
淄博,ZBK,zibo,zb,497
镇城底,ZDV,zhenchengdi,zcd,498
自贡,ZGW,zigong,zg,499
珠海,ZHQ,zhuhai,zh,500
珠海北,ZIQ,zhuhaibei,zhb,501
湛江,ZJZ,zhanjiang,zj,502
镇江,ZJH,zhenjiang,zj,503
张家界,DIQ,zhangjiajie,zjj,504
张家口,ZMP,zhangjiakou,zjk,505
周口,ZKN,zhoukou,zk,506
扎兰屯,ZTX,zhalantun,zlt,507
驻马店,ZDN,zhumadian,zmd,508
肇庆,ZVQ,zhaoqing,zq,509
周水子,ZIT,zhoushuizi,zsz,510
昭通,ZDW,zhaotong,zt,511
中卫,ZWJ,zhongwei,zw,512
资阳,ZYW,ziyang,zy,513
遵义西,ZIW,zunyixi,zyx,514
枣庄,ZEK,zaozhuang,zz,515
资中,ZZW,zizhong,zz,516
株洲,ZZQ,zhuzhou,zz,517
枣庄西,ZFK,zaozhuangxi,zzx,518
昂昂溪,AAX,angangxi,aax,519
阿城,ACB,acheng,ac,520
安达,ADX,anda,ad,521
安德,ARW,ande,ad,522
安定,ADP,anding,ad,523
安多,ADO,anduo,ad,524
安广,AGT,anguang,ag,525
敖汉,YED,aohan,ah,526
艾河,AHP,aihe,ah,527
安化,PKQ,anhua,ah,528
艾家村,AJJ,aijiacun,ajc,529
安家,AJB,anjia,aj,530
阿金,AJD,ajin,aj,531
安靖,PYW,anjing,aj,532
阿克陶,AER,aketao,akt,533
安口窑,AYY,ankouyao,aky,534
敖力布告,ALD,aolibugao,albg,535
安龙,AUZ,anlong,al,536
阿龙山,ASX,alongshan,als,537
安陆,ALN,anlu,al,538
阿木尔,JTX,amuer,ame,539
阿南庄,AZM,ananzhuang,anz,540
安庆西,APH,anqingxi,aqx,541
鞍山西,AXT,anshanxi,asx,542
安塘,ATV,antang,at,543
安亭北,ASH,antingbei,atb,544
阿图什,ATR,atushi,ats,545
安图,ATL,antu,at,546
安溪,AXS,anxi,ax,547
博鳌,BWQ,boao,ba,548
北碚,BPW,beibei,bb,549
白壁关,BGV,baibiguan,bbg,550
蚌埠南,BMH,bengbunan,bbn,551
巴楚,BCR,bachu,bc,552
板城,BUP,bancheng,bc,553
北戴河,BEP,beidaihe,bdh,554
保定,BDP,baoding,bd,555
宝坻,BPP,baodi,bd,556
八达岭,ILP,badaling,bdl,557
巴东,BNN,badong,bd,558
宝丰,BFF,baofeng,bf,559
柏果,BGM,baiguo,bg,560
布海,BUT,buhai,bh,561
白河东,BIY,baihedong,bhd,562
宝华山,BWH,baohuashan,bhs,563
白河县,BEY,baihexian,bhx,564
白芨沟,BJJ,baijigou,bjg,565
碧鸡关,BJM,bijiguan,bjg,566
北滘,IBQ,beijiao,bj,567
碧江,BLQ,bijiang,bj,568
白鸡坡,BBM,baijipo,bjp,569
笔架山,BSB,bijiashan,bjs,570
八角台,BTD,bajiaotai,bjt,571
保康,BKD,baokang,bk,572
白奎堡,BKB,baikuipu,bkp,573
白狼,BAT,bailang,bl,574
百浪,BRZ,bailang,bl,575
博乐,BOR,bole,bl,576
巴林,BLX,balin,bl,577
宝林,BNB,baolin,bl,578
北流,BOZ,beiliu,bl,579
勃利,BLB,boli,bl,580
布列开,BLR,buliekai,blk,581
宝龙山,BND,baolongshan,bls,582
百里峡,AAP,bailixia,blx,583
八面城,BMD,bamiancheng,bmc,584
班猫箐,BNM,banmaoqing,bmq,585
八面通,BMB,bamiantong,bmt,586
北马圈子,BRP,beimaquanzi,bmqz,587
北票南,RPD,beipiaonan,bpn,588
白旗,BQP,baiqi,bq,589
宝泉岭,BQB,baoquanling,bql,590
白泉,BQL,baiquan,bq,591
巴山,BAY,bashan,bs,592
白水江,BSY,baishuijiang,bsj,593
白沙坡,BPM,baishapo,bsp,594
白石山,BAL,baishishan,bss,595
白水镇,BUM,baishuizhen,bsz,596
包头 东,FDC,baotoudong,btd,597
坂田,BTQ,bantian,bt,598
泊头,BZP,botou,bt,599
北屯,BYP,beitun,bt,600
本溪湖,BHT,benxihu,bxh,601
博兴,BXK,boxing,bx,602
八仙筒,VXD,baxiantong,bxt,603
白音察干,BYC,baiyinchagan,bycg,604
背荫河,BYB,beiyinhe,byh,605
北营,BIV,beiying,by,606
巴彦高勒,BAC,bayangaole,bygl,607
白音他拉,BID,baiyintala,bytl,608
鲅鱼圈,BYT,bayuquan,byq,609
白银市,BNJ,baiyinshi,bys,610
白音胡硕,BCD,baiyinhushuo,byhs,611
巴中,IEW,bazhong,bz,612
霸州,RMP,bazhou,bz,613
北宅,BVP,beizhai,bz,614
赤壁北,CIN,chibibei,cbb,615
查布嘎,CBC,chabuga,cbg,616
长城,CEJ,changcheng,cc,617
长冲,CCM,changchong,cc,618
承德东,CCP,chengdedong,cdd,619
赤峰西,CID,chifengxi,cfx,620
嵯岗,CAX,cuogang,cg,621
柴岗,CGT,chaigang,cg,622
长葛,CEF,changge,cg,623
柴沟堡,CGV,chaigoupu,cgp,624
城固,CGY,chenggu,cg,625
陈官营,CAJ,chenguanying,cgy,626
成高子,CZB,chenggaozi,cgz,627
草海,WBW,caohai,ch,628
柴河,CHB,chaihe,ch,629
册亨,CHZ,ceheng,ch,630
草河口,CKT,caohekou,chk,631
崔黄口,CHP,cuihuangkou,chk,632
巢湖,CIH,chaohu,ch,633
蔡家沟,CJT,caijiagou,cjg,634
成吉思汗,CJX,chengjisihan,cjsh,635
岔江,CAM,chajiang,cj,636
蔡家坡,CJY,caijiapo,cjp,637
昌乐,CLK,changle,cl,638
超梁沟,CYP,chaolianggou,clg,639
慈利,CUQ,cili,cl,640
昌黎,CLP,changli,cl,641
长岭子,CLT,changlingzi,clz,642
晨明,CMB,chenming,cm,643
长农,CNJ,changnong,cn,644
昌平北,VBP,changpingbei,cpb,645
常平,DAQ,changping,cp,646
长坡岭,CPM,changpoling,cpl,647
辰清,CQB,chenqing,cq,648
蔡山,CON,caishan,cs,649
楚山,CSB,chushan,cs,650
长寿,EFW,changshou,cs,651
磁山,CSP,cishan,cs,652
苍石,CST,cangshi,cs,653
草市,CSL,caoshi,cs,654
察素齐,CSC,chasuqi,csq,655
长山屯,CVT,changshantun,cst,656
长汀,CES,changting,ct,657
朝天南,CTY,chaotiannan,ctn,658
昌图西,CPT,changtuxi,ctx,659
春湾,CQQ,chunwan,cw,660
磁县,CIP,cixian,cx,661
岑溪,CNZ,cenxi,cx,662
辰溪,CXQ,chenxi,cx,663
磁西,CRP,cixi,cx,664
长兴南,CFH,changxingnan,cxn,665
磁窑,CYK,ciyao,cy,666
春阳,CAL,chunyang,cy,667
城阳,CEK,chengyang,cy,668
创业村,CEX,chuangyecun,cyc,669
朝阳川,CYL,chaoyangchuan,cyc,670
朝阳地,CDD,chaoyangdi,cyd,671
朝阳南,CYD,chaoyangnan,cyn,672
长垣,CYF,changyuan,cy,673
朝阳镇,CZL,chaoyangzhen,cyz,674
滁州北,CUH,chuzhoubei,czb,675
常州北,ESH,changzhoubei,czb,676
滁州,CXH,chuzhou,cz,677
潮州,CKQ,chaozhou,cz,678
常庄,CVK,changzhuang,cz,679
曹子里,CFP,caozili,czl,680
车转湾,CWM,chezhuanwan,czw,681
郴州西,ICQ,chenzhouxi,czx,682
沧州西,CBP,cangzhouxi,czx,683
德安,DAG,dean,da,684
大安,RAT,daan,da,685
大坝,DBJ,daba,db,686
大板,DBC,daban,db,687
大巴,DBD,daba,db,688
电白,NWQ,dianbai,db,689
到保,RBT,daobao,db,690
达坂城,DCR,dabancheng,dbc,691
定边,DYJ,dingbian,db,692
东边井,DBB,dongbianjing,dbj,693
德伯斯,RDT,debosi,dbs,694
打柴沟,DGJ,dachaigou,dcg,695
德昌,DVW,dechang,dc,696
滴道,DDB,didao,dd,697
大磴沟,DKJ,dadenggou,ddg,698
刀尔登,DRD,daoerdeng,ded,699
得耳布尔,DRX,deerbuer,debe,700
杜尔伯特,TKX,duerbote,debt,701
东方,UFQ,dongfang,df,702
丹凤,DGY,danfeng,df,703
东丰,DIL,dongfeng,df,704
都格,DMM,duge,dg,705
大官屯,DTT,daguantun,dgt,706
大关,RGW,daguan,dg,707
东光,DGP,dongguang,dg,708
东海,DHB,donghai,dh,709
大灰厂,DHP,dahuichang,dhc,710
大红旗,DQD,dahongqi,dhq,711
大禾塘,SOQ,shaodong,dh,712
德惠西,DXT,dehuixi,dhx,713
东海县,DQH,donghaixian,dhx,714
达家沟,DJT,dajiagou,djg,715
东津,DKB,dongjin,dj,716
杜家,DJL,dujia,dj,717
大口屯,DKP,dakoutun,dkt,718
东来,RVD,donglai,dl,719
德令哈,DHO,delingha,dlh,720
带岭,DLB,dailing,dl,721
大林,DLD,dalin,dl,722
达拉特旗,DIC,dalateqi,dltq,723
独立屯,DTX,dulitun,dlt,724
豆罗,DLV,douluo,dl,725
达拉特西,DNC,dalatexi,dltx,726
大连西,GZT,dalianxi,dlx,727
东明村,DMD,dongmingcun,dmc,728
洞庙河,DEP,dongmiaohe,dmh,729
东明县,DNF,dongmingxian,dmx,730
大拟,DNZ,dani,dn,731
大平房,DPD,dapingfang,dpf,732
大盘石,RPP,dapanshi,dps,733
大埔,DPI,dapu,dp,734
大堡,DVT,dapu,dp,735
大庆东,LFX,daqingdong,dqd,736
大其拉哈,DQX,daqilaha,dqlh,737
道清,DML,daoqing,dq,738
对青山,DQB,duiqingshan,dqs,739
德清西,MOH,deqingxi,dqx,740
大庆西,RHX,daqingxi,dqx,741
东升,DRQ,dongsheng,ds,742
砀山,DKH,dangshan,ds,743
独山,RWW,dushan,ds,744
登沙河,DWT,dengshahe,dsh,745
读书铺,DPM,dushupu,dsp,746
大石头,DSL,dashitou,dst,747
东胜西,DYC,dongshengxi,dsx,748
大石寨,RZT,dashizhai,dsz,749
东台,DBH,dongtai,dt,750
定陶,DQK,dingtao,dt,751
灯塔,DGT,dengta,dt,752
大田边,DBM,datianbian,dtb,753
东通化,DTL,dongtonghua,dth,754
丹徒,RUH,dantu,dt,755
大屯,DNT,datun,dt,756
东湾,DRJ,dongwan,dw,757
大武口,DFJ,dawukou,dwk,758
低窝铺,DWJ,diwopu,dwp,759
大王滩,DZZ,dawangtan,dwt,760
大湾子,DFM,dawanzi,dwz,761
大兴沟,DXL,daxinggou,dxg,762
大兴,DXX,daxing,dx,763
定西,DSJ,dingxi,dx,764
甸心,DXM,dianxin,dx,765
东乡,DXG,dongxiang,dx,766
代县,DKV,daixian,dx,767
定襄,DXV,dingxiang,dx,768
东戌,RXP,dongxu,dx,769
东辛庄,DXD,dongxinzhuang,dxz,770
丹阳,DYH,danyang,dy,771
德阳,DYW,deyang,dy,772
大雁,DYX,dayan,dy,773
当阳,DYN,dangyang,dy,774
丹阳北,EXH,danyangbei,dyb,775
大英东,IAW,dayingdong,dyd,776
东淤地,DBV,dongyudi,dyd,777
大营,DYV,daying,dy,778
定远,EWH,dingyuan,dy,779
岱岳,RYV,daiyue,dy,780
大元,DYZ,dayuan,dy,781
大营镇,DJP,dayingzhen,dyz,782
大营子,DZD,dayingzi,dyz,783
大战场,DTJ,dazhanchang,dzc,784
德州东,DIP,dezhoudong,dzd,785
东至,DCH,dongzhi,dz,786
低庄,DVQ,dizhuang,dz,787
东镇,DNV,dongzhen,dz,788
道州,DFZ,daozhou,dz,789
东庄,DZV,dongzhuang,dz,790
兑镇,DWV,duizhen,dz,791
豆庄,ROP,douzhuang,dz,792
定州,DXP,dingzhou,dz,793
大竹园,DZY,dazhuyuan,dzy,794
大杖子,DAP,dazhangzi,dzz,795
豆张庄,RZP,douzhangzhuang,dzz,796
峨边,EBW,ebian,eb,797
二道沟门,RDP,erdaogoumen,edgm,798
二道湾,RDX,erdaowan,edw,799
鄂尔多斯,EEC,eerduosi,eeds,800
二龙,RLD,erlong,el,801
二龙山屯,ELA,erlongshantun,elst,802
峨眉,EMW,emei,em,803
二密河,RML,ermihe,emh,804
恩平,PXQ,enping,ep,805
二营,RYJ,erying,ey,806
鄂州,ECN,ezhou,ez,807
福安,FAS,fuan,fa,808
丰城,FCG,fengcheng,fc,809
丰城南,FNG,fengchengnan,fcn,810
肥东,FIH,feidong,fd,811
发耳,FEM,faer,fe,812
富海,FHX,fuhai,fh,813
福海,FHR,fuhai,fh,814
凤凰城,FHT,fenghuangcheng,fhc,815
汾河,FEV,fenhe,fh,816
奉化,FHH,fenghua,fh,817
富锦,FIB,fujin,fj,818
范家屯,FTT,fanjiatun,fjt,819
福利区,FLJ,fuliqu,flq,820
福利屯,FTB,fulitun,flt,821
丰乐镇,FZB,fenglezhen,flz,822
阜南,FNH,funan,fn,823
阜宁,AKH,funing,fn,824
抚宁,FNP,funing,fn,825
福清,FQS,fuqing,fq,826
福泉,VMW,fuquan,fq,827
丰水村,FSJ,fengshuicun,fsc,828
丰顺,FUQ,fengshun,fs,829
繁峙,FSV,fanshi,fs,830
抚顺,FST,fushun,fs,831
福山口,FKP,fushankou,fsk,832
扶绥,FSZ,fusui,fs,833
冯屯,FTX,fengtun,ft,834
浮图峪,FYP,futuyu,fty,835
富县东,FDY,fuxiandong,fxd,836
凤县,FXY,fengxian,fx,837
富县,FEY,fuxian,fx,838
费县,FXK,feixian,fx,839
凤阳,FUH,fengyang,fy,840
汾阳,FAV,fenyang,fy,841
扶余北,FBT,fuyubei,fyb,842
分宜,FYG,fenyi,fy,843
富源,FYM,fuyuan,fy,844
扶余,FYT,fuyu,fy,845
富裕,FYX,fuyu,fy,846
抚州北,FBG,fuzhoubei,fzb,847
凤州,FZY,fengzhou,fz,848
丰镇,FZC,fengzhen,fz,849
范镇,VZK,fanzhen,fz,850
固安,GFP,guan,ga,851
广安,VJW,guangan,ga,852
高碑店,GBP,gaobeidian,gbd,853
沟帮子,GBD,goubangzi,gbz,854
甘草店,GDJ,gancaodian,gcd,855
谷城,GCN,gucheng,gc,856
藁城,GEP,gaocheng,gc,857
高村,GCV,gaocun,gc,858
古城镇,GZB,guchengzhen,gcz,859
广德,GRH,guangde,gd,860
贵定,GTW,guiding,gd,861
贵定南,IDW,guidingnan,gdn,862
古东,GDV,gudong,gd,863
贵港,GGZ,guigang,gg,864
官高,GVP,guangao,gg,865
葛根庙,GGT,gegenmiao,ggm,866
干沟,GGL,gangou,gg,867
甘谷,GGJ,gangu,gg,868
高各庄,GGP,gaogezhuang,ggz,869
甘河,GAX,ganhe,gh,870
根河,GEX,genhe,gh,871
郭家店,GDT,guojiadian,gjd,872
孤家子,GKT,gujiazi,gjz,873
古浪,GLJ,gulang,gl,874
皋兰,GEJ,gaolan,gl,875
高楼房,GFM,gaoloufang,glf,876
归流河,GHT,guiliuhe,glh,877
关林,GLF,guanlin,gl,878
甘洛,VOW,ganluo,gl,879
郭磊庄,GLP,guoleizhuang,glz,880
高密,GMK,gaomi,gm,881
公庙子,GMC,gongmiaozi,gmz,882
工农湖,GRT,gongnonghu,gnh,883
广宁寺南,GNT,guangningsinan,gnn,884
广南卫,GNM,guangnanwei,gnw,885
高平,GPF,gaoping,gp,886
甘泉北,GEY,ganquanbei,gqb,887
共青城,GAG,gongqingcheng,gqc,888
甘旗卡,GQD,ganqika,gqk,889
甘泉,GQY,ganquan,gq,890
高桥镇,GZD,gaoqiaozhen,gqz,891
灌水,GST,guanshui,gs,892
赶水,GSW,ganshui,gs,893
孤山口,GSP,gushankou,gsk,894
果松,GSL,guosong,gs,895
高山子,GSD,gaoshanzi,gsz,896
嘎什甸子,GXD,gashidianzi,gsdz,897
高台,GTJ,gaotai,gt,898
高滩,GAY,gaotan,gt,899
古田,GTS,gutian,gt,900
官厅,GTP,guanting,gt,901
官厅西,KEP,guantingxi,gtx,902
贵溪,GXG,guixi,gx,903
涡阳,GYH,guoyang,gy,904
巩义,GXF,gongyi,gy,905
高邑,GIP,gaoyi,gy,906
巩义南,GYF,gongyinan,gyn,907
广元南,GAW,guangyuannan,gyn,908
固原,GUJ,guyuan,gy,909
菇园,GYL,guyuan,gy,910
公营子,GYD,gongyingzi,gyz,911
光泽,GZS,guangze,gz,912
古镇,GNQ,guzhen,gz,913
固镇,GEH,guzhen,gz,914
虢镇,GZY,guozhen,gz,915
瓜州,GZJ,guazhou,gz,916
高州,GSQ,gaozhou,gz,917
盖州,GXT,gaizhou,gz,918
官字井,GOT,guanzijing,gzj,919
冠豸山,GSS,guanzhaishan,gzs,920
盖州西,GAT,gaizhouxi,gzx,921
海安,HIH,haian,ha,922
淮安南,AMH,huaiannan,han,923
红安,HWN,hongan,ha,924
红安西,VXN,honganxi,hax,925
黄柏,HBL,huangbai,hb,926
海北,HEB,haibei,hb,927
鹤壁,HAF,hebi,hb,928
会昌北,XEG,huichangbei,hcb,929
汉川,HCN,hanchuan,hc,930
华城,VCQ,huacheng,hc,931
河唇,HCZ,hechun,hc,932
海城,HCT,haicheng,hc,933
合川,WKW,hechuan,hc,934
黑冲滩,HCJ,heichongtan,hct,935
黄村,HCP,huangcun,hc,936
海城西,HXT,haichengxi,hcx,937
化德,HGC,huade,hd,938
洪洞,HDV,hongtong,hd,939
霍尔果斯,HFR,huoerguosi,hegs,940
横峰,HFG,hengfeng,hf,941
韩府湾,HXJ,hanfuwan,hfw,942
汉沽,HGP,hangu,hg,943
黄瓜园,HYM,huangguayuan,hgy,944
红光镇,IGW,hongguangzhen,hgz,945
浑河,HHT,hunhe,hh,946
红花沟,VHD,honghuagou,hhg,947
黄花筒,HUD,huanghuatong,hht,948
贺家店,HJJ,hejiadian,hjd,949
和静,HJR,hejing,hj,950
红江,HFM,hongjiang,hj,951
黑井,HIM,heijing,hj,952
获嘉,HJF,huojia,hj,953
河津,HJV,hejin,hj,954
涵江,HJS,hanjiang,hj,955
华家,HJT,huajia,hj,956
杭锦后旗,HDC,hangjinhouqi,hjhq,957
河间西,HXP,hejianxi,hjx,958
花家庄,HJM,huajiazhuang,hjz,959
河口南,HKJ,hekounan,hkn,960
湖口,HKG,hukou,hk,961
黄口,KOH,huangkou,hk,962
呼兰,HUB,hulan,hl,963
葫芦岛北,HPD,huludaobei,hldb,964
浩良河,HHB,haolianghe,hlh,965
哈拉海,HIT,halahai,hlh,966
鹤立,HOB,heli,hl,967
桦林,HIB,hualin,hl,968
黄陵,ULY,huangling,hl,969
海林,HRB,hailin,hl,970
虎林,VLB,hulin,hl,971
寒岭,HAT,hanling,hl,972
和龙,HLL,helong,hl,973
海龙,HIL,hailong,hl,974
哈拉苏,HAX,halasu,hls,975
呼鲁斯太,VTJ,hulusitai,hlst,976
火连寨,HLT,huolianzhai,hlz,977
黄梅,VEH,huangmei,hm,978
韩麻营,HYP,hanmaying,hmy,979
黄泥河,HHL,huangnihe,hnh,980
海宁,HNH,haining,hn,981
惠农,HMJ,huinong,hn,982
和平,VAQ,heping,hp,983
花棚子,HZM,huapengzi,hpz,984
花桥,VQH,huaqiao,hq,985
宏庆,HEY,hongqing,hq,986
怀仁,HRV,huairen,hr,987
华容,HRN,huarong,hr,988
华山北,HDY,huashanbei,hsb,989
黄松甸,HDL,huangsongdian,hsd,990
和什托洛盖,VSR,heshituoluogai,hstlg,991
红山,VSB,hongshan,hs,992
汉寿,VSQ,hanshou,hs,993
衡山,HSQ,hengshan,hs,994
黑水,HOT,heishui,hs,995
惠山,VCH,huishan,hs,996
虎什哈,HHP,hushiha,hsh,997
红寺堡,HSJ,hongsipu,hsp,998
虎石台,HUT,hushitai,hst,999
海石湾,HSO,haishiwan,hsw,1000
衡山西,HEQ,hengshanxi,hsx,1001
红砂岘,VSJ,hongshaxian,hsx,1002
黑台,HQB,heitai,ht,1003
桓台,VTK,huantai,ht,1004
和田,VTR,hetian,ht,1005
会同,VTQ,huitong,ht,1006
海坨子,HZT,haituozi,htz,1007
黑旺,HWK,heiwang,hw,1008
海湾,RWH,haiwan,hw,1009
红星,VXB,hongxing,hx,1010
徽县,HYY,huixian,hx,1011
红兴隆,VHB,hongxinglong,hxl,1012
换新天,VTB,huanxintian,hxt,1013
红岘台,HTJ,hongxiantai,hxt,1014
红彦,VIX,hongyan,hy,1015
海晏,HFO,haiyan,hy,1016
合阳,HAY,heyang,hy,1017
衡阳东,HVQ,hengyangdong,hyd,1018
华蓥,HUW,huaying,hy,1019
汉阴,HQY,hanyin,hy,1020
黄羊滩,HGJ,huangyangtan,hyt,1021
汉源,WHW,hanyuan,hy,1022
河源,VIQ,heyuan,hy,1023
花园,HUN,huayuan,hy,1024
湟源,HNO,huangyuan,hy,1025
黄羊镇,HYJ,huangyangzhen,hyz,1026
湖州,VZH,huzhou,hz,1027
化州,HZZ,huazhou,hz,1028
黄州,VON,huangzhou,hz,1029
霍州,HZV,huozhou,hz,1030
惠州西,VXQ,huizhouxi,hzx,1031
巨宝,JRT,jubao,jb,1032
靖边,JIY,jingbian,jb,1033
金宝屯,JBD,jinbaotun,jbt,1034
晋城北,JEF,jinchengbei,jcb,1035
金昌,JCJ,jinchang,jc,1036
鄄城,JCK,juancheng,jc,1037
交城,JNV,jiaocheng,jc,1038
建昌,JFD,jianchang,jc,1039
峻德,JDB,junde,jd,1040
井店,JFP,jingdian,jd,1041
鸡东,JOB,jidong,jd,1042
江都,UDH,jiangdu,jd,1043
鸡冠山,JST,jiguanshan,jgs,1044
金沟屯,VGP,jingoutun,jgt,1045
静海,JHP,jinghai,jh,1046
金河,JHX,jinhe,jh,1047
锦河,JHB,jinhe,jh,1048
精河,JHR,jinghe,jh,1049
精河南,JIR,jinghenan,jhn,1050
江华,JHZ,jianghua,jh,1051
建湖,AJH,jianhu,jh,1052
纪家沟,VJD,jijiagou,jjg,1053
晋江,JJS,jinjiang,jj,1054
锦界,JEY,jinjie,jj,1055
姜家,JJB,jiangjia,jj,1056
江津,JJW,jiangjin,jj,1057
金坑,JKT,jinkeng,jk,1058
芨岭,JLJ,jiling,jl,1059
金马村,JMM,jinmacun,jmc,1060
江门东,JWQ,jiangmendong,jmd,1061
角美,JES,jiaomei,jm,1062
莒南,JOK,junan,jn,1063
井南,JNP,jingnan,jn,1064
建瓯,JVS,jianou,jo,1065
经棚,JPC,jingpeng,jp,1066
江桥,JQX,jiangqiao,jq,1067
九三,SSX,jiusan,js,1068
金山北,EGH,jinshanbei,jsb,1069
建始,JRN,jianshi,js,1070
嘉善,JSH,jiashan,js,1071
京山,JCN,jingshan,js,1072
稷山,JVV,jishan,js,1073
吉舒,JSL,jishu,js,1074
建设,JET,jianshe,js,1075
甲山,JOP,jiashan,js,1076
建三江,JIB,jiansanjiang,jsj,1077
嘉善南,EAH,jiashannan,jsn,1078
金山屯,JTB,jinshantun,jst,1079
江所田,JOM,jiangsuotian,jst,1080
景泰,JTJ,jingtai,jt,1081
九台南,JNL,jiutainan,jtn,1082
吉文,JWX,jiwen,jw,1083
进贤,JUG,jinxian,jx,1084
莒县,JKK,juxian,jx,1085
嘉祥,JUK,jiaxiang,jx,1086
介休,JXV,jiexiu,jx,1087
嘉兴,JXH,jiaxing,jx,1088
井陉,JJP,jingxing,jx,1089
嘉兴南,EPH,jiaxingnan,jxn,1090
夹心子,JXT,jiaxinzi,jxz,1091
简阳,JYW,jianyang,jy,1092
揭阳,JRQ,jieyang,jy,1093
姜堰,UEH,jiangyan,jy,1094
建阳,JYS,jianyang,jy,1095
巨野,JYK,juye,jy,1096
江永,JYZ,jiangyong,jy,1097
缙云,JYH,jinyun,jy,1098
靖远,JYJ,jingyuan,jy,1099
江源,SZL,jiangyuan,jy,1100
济源,JYF,jiyuan,jy,1101
靖远西,JXJ,jingyuanxi,jyx,1102
胶州北,JZK,jiaozhoubei,jzb,1103
焦作东,WEF,jiaozuodong,jzd,1104
金寨,JZH,jinzhai,jz,1105
荆州,JBN,jingzhou,jz,1106
蓟州,JIP,jizhou,jz,1107
靖州,JEQ,jingzhou,jz,1108
胶州,JXK,jiaozhou,jz,1109
晋州,JXP,jinzhou,jz,1110
锦州南,JOD,jinzhounan,jzn,1111
焦作,JOF,jiaozuo,jz,1112
旧庄窝,JVP,jiuzhuangwo,jzw,1113
金杖子,JYD,jinzhangzi,jzz,1114
开安,KAT,kaian,ka,1115
库车,KCR,kuche,kc,1116
康城,KCP,kangcheng,kc,1117
库都尔,KDX,kuduer,kde,1118
宽甸,KDT,kuandian,kd,1119
克东,KOB,kedong,kd,1120
昆都仑召,KDC,kundulunzhao,kdlz,1121
开江,KAW,kaijiang,kj,1122
康金井,KJB,kangjinjing,kjj,1123
喀喇其,KQX,kalaqi,klq,1124
开鲁,KLC,kailu,kl,1125
克拉玛依,KHR,kelamayi,klmy,1126
开平南,PVQ,kaipingnan,kpn,1127
口前,KQL,kouqian,kq,1128
昆山,KSH,kunshan,ks,1129
奎山,KAB,kuishan,ks,1130
克山,KSB,keshan,ks,1131
康熙岭,KXZ,kangxiling,kxl,1132
昆阳,KAM,kunyang,ky,1133
克一河,KHX,keyihe,kyh,1134
开原西,KXT,kaiyuanxi,kyx,1135
康庄,KZP,kangzhuang,kz,1136
来宾,UBZ,laibin,lb,1137
老边,LLT,laobian,lb,1138
灵宝西,LPF,lingbaoxi,lbx,1139
龙川,LUQ,longchuan,lc,1140
乐昌,LCQ,lechang,lc,1141
黎城,UCP,licheng,lc,1142
聊城,UCK,liaocheng,lc,1143
蓝村,LCK,lancun,lc,1144
两当,LDY,liangdang,ld,1145
林东,LRC,lindong,ld,1146
乐都,LDO,ledu,ld,1147
梁底下,LDP,liangdixia,ldx,1148
六道河子,LVP,liudaohezi,ldhz,1149
鲁番,LVM,lufan,lf,1150
廊坊,LJP,langfang,lf,1151
落垡,LOP,luofa,lf,1152
廊坊北,LFP,langfangbei,lfb,1153
老府,UFD,laofu,lf,1154
兰岗,LNB,langang,lg,1155
龙骨甸,LGM,longgudian,lgd,1156
芦沟,LOM,lugou,lg,1157
龙沟,LGJ,longgou,lg,1158
拉古,LGB,lagu,lg,1159
临海,UFH,linhai,lh,1160
林海,LXX,linhai,lh,1161
拉哈,LHX,laha,lh,1162
凌海,JID,linghai,lh,1163
柳河,LNL,liuhe,lh,1164
六合,KLH,liuhe,lh,1165
龙华,LHP,longhua,lh,1166
滦河沿,UNP,luanheyan,lhy,1167
六合镇,LEX,liuhezhen,lhz,1168
亮甲店,LRT,liangjiadian,ljd,1169
刘家店,UDT,liujiadian,ljd,1170
刘家河,LVT,liujiahe,ljh,1171
连江,LKS,lianjiang,lj,1172
庐江,UJH,lujiang,lj,1173
李家,LJB,lijia,lj,1174
罗江,LJW,luojiang,lj,1175
廉江,LJZ,lianjiang,lj,1176
两家,UJT,liangjia,lj,1177
龙江,LJX,longjiang,lj,1178
龙嘉,UJL,longjia,lj,1179
莲江口,LHB,lianjiangkou,ljk,1180
蔺家楼,ULK,linjialou,ljl,1181
李家坪,LIJ,lijiaping,ljp,1182
兰考,LKF,lankao,lk,1183
林口,LKB,linkou,lk,1184
路口铺,LKQ,lukoupu,lkp,1185
老莱,LAX,laolai,ll,1186
拉林,LAB,lalin,ll,1187
陆良,LRM,luliang,ll,1188
龙里,LLW,longli,ll,1189
临澧,LWQ,linli,ll,1190
兰棱,LLB,lanling,ll,1191
零陵,UWZ,lingling,ll,1192
卢龙,UAP,lulong,ll,1193
喇嘛甸,LMX,lamadian,lmd,1194
里木店,LMB,limudian,lmd,1195
洛门,LMJ,luomen,lm,1196
龙南,UNG,longnan,ln,1197
梁平,UQW,liangping,lp,1198
罗平,LPM,luoping,lp,1199
落坡岭,LPP,luopoling,lpl,1200
六盘山,UPJ,liupanshan,lps,1201
乐平市,LPG,lepingshi,lps,1202
临清,UQK,linqing,lq,1203
龙泉寺,UQJ,longquansi,lqs,1204
乐山北,UTW,leshanbei,ls,1205
乐善村,LUM,leshancun,lsc,1206
冷水江东,UDQ,lengshuijiangdong,lsjd,1207
连山关,LGT,lianshanguan,lsg,1208
流水沟,USP,liushuigou,lsg,1209
丽水,USH,lishui,ls,1210
陵水,LIQ,lingshui,ls,1211
罗山,LRN,luoshan,ls,1212
鲁山,LAF,lushan,ls,1213
梁山,LMK,liangshan,ls,1214
灵石,LSV,lingshi,ls,1215
露水河,LUL,lushuihe,lsh,1216
庐山,LSG,lushan,ls,1217
林盛堡,LBT,linshengpu,lsp,1218
柳树屯,LSD,liushutun,lst,1219
龙山镇,LAS,longshanzhen,lsz,1220
梨树镇,LSB,lishuzhen,lsz,1221
李石寨,LET,lishizhai,lsz,1222
黎塘,LTZ,litang,lt,1223
轮台,LAR,luntai,lt,1224
芦台,LTP,lutai,lt,1225
龙塘坝,LBM,longtangba,ltb,1226
濑湍,LVZ,laituan,lt,1227
骆驼巷,LTJ,luotuoxiang,ltx,1228
李旺,VLJ,liwang,lw,1229
莱芜东,LWK,laiwudong,lwd,1230
狼尾山,LRJ,langweishan,lws,1231
灵武,LNJ,lingwu,lw,1232
莱芜西,UXK,laiwuxi,lwx,1233
朗乡,LXB,langxiang,lx,1234
陇县,LXY,longxian,lx,1235
临湘,LXQ,linxiang,lx,1236
芦溪,LUG,luxi,lx,1237
莱西,LXK,laixi,lx,1238
林西,LXC,linxi,lx,1239
滦县,UXP,luanxian,lx,1240
莱阳,LYK,laiyang,ly,1241
略阳,LYY,lueyang,ly,1242
辽阳,LYT,liaoyang,ly,1243
凌源东,LDD,lingyuandong,lyd,1244
临沂东,UYK,linyidong,lyd,1245
连云港,UIH,lianyungang,lyg,1246
临颍,LNF,linying,ly,1247
老营,LXL,laoying,ly,1248
龙游,LMH,longyou,ly,1249
罗源,LVS,luoyuan,ly,1250
林源,LYX,linyuan,ly,1251
涟源,LAQ,lianyuan,ly,1252
涞源,LYP,laiyuan,ly,1253
耒阳西,LPQ,leiyangxi,lyx,1254
临泽,LEJ,linze,lz,1255
龙爪沟,LZT,longzhuagou,lzg,1256
雷州,UAQ,leizhou,lz,1257
六枝,LIW,liuzhi,lz,1258
鹿寨,LIZ,luzhai,lz,1259
来舟,LZS,laizhou,lz,1260
龙镇,LZA,longzhen,lz,1261
拉鲊,LEM,lazha,lz,1262
兰州新区,LQJ,lanzhouxinqu,lzxq,1263
马鞍山,MAH,maanshan,mas,1264
毛坝,MBY,maoba,mb,1265
毛坝关,MGY,maobaguan,mbg,1266
麻城北,MBN,machengbei,mcb,1267
渑池,MCF,mianchi,mc,1268
明城,MCL,mingcheng,mc,1269
庙城,MAP,miaocheng,mc,1270
渑池南,MNF,mianchinan,mcn,1271
茅草坪,KPM,maocaoping,mcp,1272
猛洞河,MUQ,mengdonghe,mdh,1273
磨刀石,MOB,modaoshi,mds,1274
弥渡,MDF,midu,md,1275
帽儿山,MRB,maoershan,mes,1276
明港,MGN,minggang,mg,1277
梅河口,MHL,meihekou,mhk,1278
马皇,MHZ,mahuang,mh,1279
孟家岗,MGB,mengjiagang,mjg,1280
美兰,MHQ,meilan,ml,1281
汨罗东,MQQ,miluodong,mld,1282
马莲河,MHB,malianhe,mlh,1283
茅岭,MLZ,maoling,ml,1284
庙岭,MLL,miaoling,ml,1285
茂林,MLD,maolin,ml,1286
穆棱,MLB,muling,ml,1287
马林,MID,malin,ml,1288
马龙,MGM,malong,ml,1289
木里图,MUD,mulitu,mlt,1290
汨罗,MLQ,miluo,ml,1291
玛纳斯湖,MNR,manasihu,mnsh,1292
冕宁,UGW,mianning,mn,1293
沐滂,MPQ,mupang,mp,1294
马桥河,MQB,maqiaohe,mqh,1295
闽清,MQS,minqing,mq,1296
民权,MQF,minquan,mq,1297
明水河,MUT,mingshuihe,msh,1298
麻山,MAB,mashan,ms,1299
眉山,MSW,meishan,ms,1300
漫水湾,MKW,manshuiwan,msw,1301
茂舍祖,MOM,maoshezu,msz,1302
米沙子,MST,mishazi,msz,1303
马踏,PWQ,mata,mt,1304
美溪,MEB,meixi,mx,1305
勉县,MVY,mianxian,mx,1306
麻阳,MVQ,mayang,my,1307
密云北,MUP,miyunbei,myb,1308
米易,MMW,miyi,my,1309
麦园,MYS,maiyuan,my,1310
墨玉,MUR,moyu,my,1311
庙庄,MZJ,miaozhuang,mz,1312
米脂,MEY,mizhi,mz,1313
明珠,MFQ,mingzhu,mz,1314
宁安,NAB,ningan,na,1315
农安,NAT,nongan,na,1316
南博山,NBK,nanboshan,nbs,1317
南仇,NCK,nanqiu,nc,1318
南城司,NSP,nanchengsi,ncs,1319
宁村,NCZ,ningcun,nc,1320
宁德,NES,ningde,nd,1321
南观村,NGP,nanguancun,ngc,1322
南宫东,NFP,nangongdong,ngd,1323
南关岭,NLT,nanguanling,ngl,1324
宁国,NNH,ningguo,ng,1325
宁海,NHH,ninghai,nh,1326
南华北,NHS,nanhuabei,nhb,1327
南河川,NHJ,nanhechuan,nhc,1328
泥河子,NHD,nihezi,nhz,1329
宁家,NVT,ningjia,nj,1330
南靖,NJS,nanjing,nj,1331
牛家,NJB,niujia,nj,1332
能家,NJD,nengjia,nj,1333
南口,NKP,nankou,nk,1334
南口前,NKT,nankouqian,nkq,1335
南朗,NNQ,nanlang,nl,1336
乃林,NLD,nailin,nl,1337
尼勒克,NIR,nileke,nlk,1338
那罗,ULZ,naluo,nl,1339
宁陵县,NLF,ninglingxian,nlx,1340
奈曼,NMD,naiman,nm,1341
宁明,NMZ,ningming,nm,1342
南木,NMX,nanmu,nm,1343
南平南,NNS,nanpingnan,npn,1344
那铺,NPZ,napu,np,1345
南桥,NQD,nanqiao,nq,1346
那曲,NQO,naqu,nq,1347
暖泉,NQJ,nuanquan,nq,1348
南台,NTT,nantai,nt,1349
南头,NOQ,nantou,nt,1350
宁武,NWV,ningwu,nw,1351
南湾子,NWP,nanwanzi,nwz,1352
南翔北,NEH,nanxiangbei,nxb,1353
宁乡,NXQ,ningxiang,nx,1354
内乡,NXF,neixiang,nx,1355
牛心台,NXT,niuxintai,nxt,1356
南峪,NUP,nanyu,ny,1357
娘子关,NIP,niangziguan,nzg,1358
南召,NAF,nanzhao,nz,1359
南杂木,NZT,nanzamu,nzm,1360
蓬安,PAW,pengan,pa,1361
平安,PAL,pingan,pa,1362
平安驿,PNO,pinganyi,pay,1363
磐安镇,PAJ,pananzhen,paz,1364
平安镇,PZT,pinganzhen,paz,1365
蒲城东,PEY,puchengdong,pcd,1366
蒲城,PCY,pucheng,pc,1367
裴德,PDB,peide,pd,1368
偏店,PRP,piandian,pd,1369
坡底下,PXJ,podixia,pdx,1370
瓢儿屯,PRT,piaoertun,pet,1371
平房,PFB,pingfang,pf,1372
平岗,PGL,pinggang,pg,1373
平果,PGZ,pingguo,pg,1374
平关,PGM,pingguan,pg,1375
盘关,PAM,panguan,pg,1376
徘徊北,PHP,paihuaibei,phb,1377
平河口,PHM,pinghekou,phk,1378
平湖,PHQ,pinghu,ph,1379
盘锦北,PBD,panjinbei,pjb,1380
潘家店,PDP,panjiadian,pjd,1381
皮口南,PKT,pikounan,pk,1382
普兰店,PLT,pulandian,pld,1383
偏岭,PNT,pianling,pl,1384
平山,PSB,pingshan,ps,1385
彭山,PSW,pengshan,ps,1386
皮山,PSR,pishan,ps,1387
磐石,PSL,panshi,ps,1388
平社,PSV,pingshe,ps,1389
彭水,PHW,pengshui,ps,1390
平台,PVT,pingtai,pt,1391
平田,PTM,pingtian,pt,1392
莆田,PTS,putian,pt,1393
葡萄菁,PTW,putaojing,ptq,1394
普湾,PWT,puwan,pw,1395
平旺,PWV,pingwang,pw,1396
平型关,PGV,pingxingguan,pxg,1397
普雄,POW,puxiong,px,1398
蓬溪,KZW,pengxi,px,1399
郫县,PWW,pixian,px,1400
平阳,ARH,pingyang,py,1401
平洋,PYX,pingyang,py,1402
彭阳,PYJ,pengyang,py,1403
平遥,PYV,pingyao,py,1404
平邑,PIK,pingyi,py,1405
平原堡,PPJ,pingyuanpu,pyp,1406
平原,PYK,pingyuan,py,1407
平峪,PYP,pingyu,py,1408
彭泽,PZG,pengze,pz,1409
邳州,PJH,pizhou,pz,1410
平庄,PZD,pingzhuang,pz,1411
泡子,POD,paozi,pz,1412
平庄南,PND,pingzhuangnan,pzn,1413
乾安,QOT,qianan,qa,1414
庆安,QAB,qingan,qa,1415
迁安,QQP,qianan,qa,1416
祁东北,QRQ,qidongbei,qd,1417
七甸,QDM,qidian,qd,1418
曲阜东,QAK,qufudong,qfd,1419
庆丰,QFT,qingfeng,qf,1420
奇峰塔,QVP,qifengta,qft,1421
曲阜,QFK,qufu,qf,1422
琼海,QYQ,qionghai,qh,1423
秦皇岛,QTP,qinhuangdao,qhd,1424
千河,QUY,qianhe,qh,1425
清河,QIP,qinghe,qh,1426
清河门,QHD,qinghemen,qhm,1427
清华园,QHP,qinghuayuan,qhy,1428
全椒,INH,quanjiao,qj,1429
潜江,QJN,qianjiang,qj,1430
渠旧,QJZ,qujiu,qj,1431
秦家,QJB,qinjia,qj,1432
綦江,QJW,qijiang,qj,1433
祁家堡,QBT,qijiapu,qjp,1434
清涧县,QNY,qingjianxian,qjx,1435
秦家庄,QZV,qinjiazhuang,qjz,1436
七里河,QLD,qilihe,qlh,1437
秦岭,QLY,qinling,ql,1438
渠黎,QLZ,quli,ql,1439
青龙,QIB,qinglong,ql,1440
青龙山,QGH,qinglongshan,qls,1441
祁门,QIH,qimen,qm,1442
前磨头,QMP,qianmotou,qmt,1443
青山,QSB,qingshan,qs,1444
确山,QSN,queshan,qs,1445
前山,QXQ,qianshan,qs,1446
清水,QUJ,qingshui,qs,1447
戚墅堰,QYH,qishuyan,qsy,1448
青田,QVH,qingtian,qt,1449
桥头,QAT,qiaotou,qt,1450
青铜峡,QTJ,qingtongxia,qtx,1451
前卫,QWD,qianwei,qw,1452
前苇塘,QWP,qianweitang,qwt,1453
渠县,QRW,quxian,qx,1454
祁县,QXV,qixian,qx,1455
青县,QXP,qingxian,qx,1456
桥西,QXJ,qiaoxi,qx,1457
清徐,QUV,qingxu,qx,1458
旗下营,QXC,qixiaying,qxy,1459
千阳,QOY,qianyang,qy,1460
沁阳,QYF,qinyang,qy,1461
泉阳,QYL,quanyang,qy,1462
祁阳北,QVQ,qiyangbei,qy,1463
七营,QYJ,qiying,qy,1464
庆阳山,QSJ,qingyangshan,qys,1465
清远,QBQ,qingyuan,qy,1466
清原,QYT,qingyuan,qy,1467
钦州东,QDZ,qinzhoudong,qzd,1468
钦州,QRZ,qinzhou,qz,1469
青州市,QZK,qingzhoushi,qzs,1470
瑞安,RAH,ruian,ra,1471
荣昌,RCW,rongchang,rc,1472
瑞昌,RCG,ruichang,rc,1473
如皋,RBH,rugao,rg,1474
容桂,RUQ,ronggui,rg,1475
任丘,RQP,renqiu,rq,1476
乳山,ROK,rushan,rs,1477
融水,RSZ,rongshui,rs,1478
热水,RSD,reshui,rs,1479
容县,RXZ,rongxian,rx,1480
饶阳,RVP,raoyang,ry,1481
汝阳,RYF,ruyang,ry,1482
绕阳河,RHD,raoyanghe,ryh,1483
汝州,ROF,ruzhou,rz,1484
石坝,OBJ,shiba,sb,1485
上板城,SBP,shangbancheng,sbc,1486
施秉,AQW,shibing,sb,1487
上板城南,OBP,shangbanchengnan,sbcn,1488
世博园,ZWT,shiboyuan,sby,1489
双城北,SBB,shuangchengbei,scb,1490
舒城,OCH,shucheng,sc,1491
商城,SWN,shangcheng,sc,1492
莎车,SCR,shache,sc,1493
顺昌,SCS,shunchang,sc,1494
神池,SMV,shenchi,sc,1495
沙城,SCP,shacheng,sc,1496
石城,SCT,shicheng,sc,1497
山城镇,SCL,shanchengzhen,scz,1498
山丹,SDJ,shandan,sd,1499
顺德,ORQ,shunde,sd,1500
绥德,ODY,suide,sd,1501
水洞,SIL,shuidong,sd,1502
商都,SXC,shangdu,sd,1503
十渡,SEP,shidu,sd,1504
四道湾,OUD,sidaowan,sdw,1505
顺德学院,OJQ,shundexueyuan,sdxy,1506
绅坊,OLH,shenfang,sf,1507
双丰,OFB,shuangfeng,sf,1508
四方台,STB,sifangtai,sft,1509
水富,OTW,shuifu,sf,1510
三关口,OKJ,sanguankou,sgk,1511
桑根达来,OGC,sanggendalai,sgdl,1512
韶关,SNQ,shaoguan,sg,1513
上高镇,SVK,shanggaozhen,sgz,1514
上杭,JBS,shanghang,sh,1515
沙海,SED,shahai,sh,1516
蜀河,SHY,shuhe,sh,1517
松河,SBM,songhe,sh,1518
沙河,SHP,shahe,sh,1519
沙河口,SKT,shahekou,shk,1520
赛汗塔拉,SHC,saihantala,shtl,1521
沙河市,VOP,shaheshi,shs,1522
沙后所,SSD,shahousuo,shs,1523
山河屯,SHL,shanhetun,sht,1524
三河县,OXP,sanhexian,shx,1525
四合永,OHD,siheyong,shy,1526
三汇镇,OZW,sanhuizhen,shz,1527
双河镇,SEL,shuanghezhen,shz,1528
石河子,SZR,shihezi,shz,1529
三合庄,SVP,sanhezhuang,shz,1530
三家店,ODP,sanjiadian,sjd,1531
水家湖,SQH,shuijiahu,sjh,1532
沈家河,OJJ,shenjiahe,sjh,1533
松江河,SJL,songjianghe,sjh,1534
尚家,SJB,shangjia,sj,1535
孙家,SUB,sunjia,sj,1536
沈家,OJB,shenjia,sj,1537
双吉,SML,shuangji,sj,1538
松江,SAH,songjiang,sj,1539
三江口,SKD,sanjiangkou,sjk,1540
司家岭,OLK,sijialing,sjl,1541
松江南,IMH,songjiangnan,sjn,1542
石景山南,SRP,shijingshannan,sjsn,1543
邵家堂,SJJ,shaojiatang,sjt,1544
三江县,SOZ,sanjiangxian,sjx,1545
三家寨,SMM,sanjiazhai,sjz,1546
十家子,SJD,shijiazi,sjz,1547
松江镇,OZL,songjiangzhen,sjz,1548
施家嘴,SHM,shijiazui,sjz,1549
深井子,SWT,shenjingzi,sjz,1550
什里店,OMP,shilidian,sld,1551
疏勒,SUR,shule,sl,1552
疏勒河,SHJ,shulehe,slh,1553
舍力虎,VLD,shelihu,slh,1554
石磷,SPB,shilin,sl,1555
石林,SLM,shilin,sl,1556
双辽,ZJD,shuangliao,sl,1557
绥棱,SIB,suiling,sl,1558
石岭,SOL,shiling,sl,1559
石林南,LNM,shilinnan,sln,1560
石龙,SLQ,shilong,sl,1561
萨拉齐,SLC,salaqi,slq,1562
索伦,SNT,suolun,sl,1563
商洛,OLY,shangluo,sl,1564
沙岭子,SLP,shalingzi,slz,1565
石门县北,VFQ,shimenxianbei,smxb,1566
三门峡南,SCF,sanmenxianan,smxn,1567
三门县,OQH,sanmenxian,smx,1568
石门县,OMQ,shimenxian,smx,1569
三门峡西,SXF,sanmenxiaxi,smxx,1570
肃宁,SYP,suning,sn,1571
宋,SOB,song,son,1572
双牌,SBZ,shuangpai,sp,1573
沙坪坝,CYW,shapingba,spb,1574
四平东,PPT,sipingdong,spd,1575
遂平,SON,suiping,sp,1576
沙坡头,SFJ,shapotou,spt,1577
沙桥,SQM,shaqiao,sq,1578
商丘南,SPF,shangqiunan,sqn,1579
水泉,SID,shuiquan,sq,1580
石泉县,SXY,shiquanxian,sqx,1581
石桥子,SQT,shiqiaozi,sqz,1582
石人城,SRB,shirencheng,src,1583
石人,SRL,shiren,sr,1584
山市,SQB,shanshi,ss,1585
神树,SWB,shenshu,ss,1586
鄯善,SSR,shanshan,ss,1587
三水,SJQ,sanshui,ss,1588
泗水,OSK,sishui,ss,1589
石山,SAD,shishan,ss,1590
松树,SFT,songshu,ss,1591
首山,SAT,shoushan,ss,1592
三十家,SRD,sanshijia,ssj,1593
三十里堡,SST,sanshilipu,sslp,1594
双水镇,PQQ,shuangshuizhen,ssz,1595
松树镇,SSL,songshuzhen,ssz,1596
松桃,MZQ,songtao,st,1597
索图罕,SHX,suotuhan,sth,1598
三堂集,SDH,santangji,stj,1599
石头,OTB,shitou,st,1600
神头,SEV,shentou,st,1601
沙沱,SFM,shatuo,st,1602
上万,SWP,shangwan,sw,1603
孙吴,SKB,sunwu,sw,1604
沙湾县,SXR,shawanxian,swx,1605
歙县,OVH,shexian,sx,1606
遂溪,SXZ,suixi,sx,1607
沙县,SAS,shaxian,sx,1608
绍兴,SOH,shaoxing,sx,1609
石岘,SXL,shixian,sx,1610
上西铺,SXM,shangxipu,sxp,1611
石峡子,SXJ,shixiazi,sxz,1612
沭阳,FMH,shuyang,sy,1613
绥阳,SYB,suiyang,sy,1614
寿阳,SYV,shouyang,sy,1615
水洋,OYP,shuiyang,sy,1616
三阳川,SYJ,sanyangchuan,syc,1617
上腰墩,SPJ,shangyaodun,syd,1618
三营,OEJ,sanying,sy,1619
顺义,SOP,shunyi,sy,1620
三义井,OYD,sanyijing,syj,1621
三源浦,SYL,sanyuanpu,syp,1622
上虞,BDH,shangyu,sy,1623
三原,SAY,sanyuan,sy,1624
上园,SUD,shangyuan,sy,1625
水源,OYJ,shuiyuan,sy,1626
桑园子,SAJ,sangyuanzi,syz,1627
绥中北,SND,suizhongbei,szb,1628
苏州北,OHH,suzhoubei,szb,1629
宿州东,SRH,suzhoudong,szd,1630
深圳东,BJQ,shenzhendong,szd,1631
深州,OZP,shenzhou,sz,1632
孙镇,OZY,sunzhen,sz,1633
绥中,SZD,suizhong,sz,1634
尚志,SZB,shangzhi,sz,1635
师庄,SNM,shizhuang,sz,1636
松滋,SIN,songzi,sz,1637
师宗,SEM,shizong,sz,1638
苏州园区,KAH,suzhouyuanqu,szyq,1639
苏州新区,ITH,suzhouxinqu,szxq,1640
泰安,TMK,taian,ta,1641
台安,TID,taian,ta,1642
通安驿,TAJ,tonganyi,tay,1643
桐柏,TBF,tongbai,tb,1644
通北,TBB,tongbei,tb,1645
桐城,TTH,tongcheng,tc,1646
汤池,TCX,tangchi,tc,1647
郯城,TZK,tancheng,tc,1648
铁厂,TCL,tiechang,tc,1649
桃村,TCK,taocun,tc,1650
通道,TRQ,tongdao,td,1651
田东,TDZ,tiandong,td,1652
天岗,TGL,tiangang,tg,1653
土贵乌拉,TGC,tuguiwula,tgwl,1654
通沟,TOL,tonggou,tg,1655
太谷,TGV,taigu,tg,1656
塔哈,THX,taha,th,1657
棠海,THM,tanghai,th,1658
唐河,THF,tanghe,th,1659
泰和,THG,taihe,th,1660
太湖,TKH,taihu,th,1661
团结,TIX,tuanjie,tj,1662
谭家井,TNJ,tanjiajing,tjj,1663
陶家屯,TOT,taojiatun,tjt,1664
唐家湾,PDQ,tangjiawan,tjw,1665
统军庄,TZP,tongjunzhuang,tjz,1666
吐列毛杜,TMD,tuliemaodu,tlmd,1667
图里河,TEX,tulihe,tlh,1668
铜陵,TJH,tongling,tl,1669
田林,TFZ,tianlin,tl,1670
亭亮,TIZ,tingliang,tl,1671
铁力,TLB,tieli,tl,1672
铁岭西,PXT,tielingxi,tlx,1673
图们北,QSL,tumenbei,tmb,1674
天门,TMN,tianmen,tm,1675
天门南,TNN,tianmennan,tmn,1676
太姥山,TLS,taimushan,tms,1677
土牧尔台,TRC,tumuertai,tmet,1678
土门子,TCJ,tumenzi,tmz,1679
洮南,TVT,taonan,tn,1680
潼南,TVW,tongnan,tn,1681
太平川,TIT,taipingchuan,tpc,1682
太平镇,TEB,taipingzhen,tpz,1683
图强,TQX,tuqiang,tq,1684
台前,TTK,taiqian,tq,1685
天桥岭,TQL,tianqiaoling,tql,1686
土桥子,TQJ,tuqiaozi,tqz,1687
汤山城,TCT,tangshancheng,tsc,1688
台山,PUQ,taishan,ts,1689
桃山,TAB,taoshan,ts,1690
塔石嘴,TIM,tashizui,tsz,1691
通途,TUT,tongtu,tt,1692
汤旺河,THB,tangwanghe,twh,1693
同心,TXJ,tongxin,tx,1694
土溪,TSW,tuxi,tx,1695
桐乡,TCH,tongxiang,tx,1696
田阳,TRZ,tianyang,ty,1697
天义,TND,tianyi,ty,1698
汤阴,TYF,tangyin,ty,1699
驼腰岭,TIL,tuoyaoling,tyl,1700
太阳山,TYJ,taiyangshan,tys,1701
通榆,KTT,tongyu,ty,1702
汤原,TYB,tangyuan,ty,1703
塔崖驿,TYP,tayayi,tyy,1704
滕州东,TEK,tengzhoudong,tzd,1705
台州,TZH,taizhou,tz,1706
天祝,TZJ,tianzhu,tz,1707
滕州,TXK,tengzhou,tz,1708
天镇,TZV,tianzhen,tz,1709
桐子林,TEW,tongzilin,tzl,1710
天柱山,QWH,tianzhushan,tzs,1711
文安,WBP,wenan,wa,1712
武安,WAP,wuan,wa,1713
王安镇,WVP,wanganzhen,waz,1714
吴堡,WUY,wubu,wb,1715
旺苍,WEW,wangcang,wc,1716
五叉沟,WCT,wuchagou,wcg,1717
文昌,WEQ,wenchang,wc,1718
温春,WDB,wenchun,wc,1719
五大连池,WRB,wudalianchi,wdlc,1720
文登,WBK,wendeng,wd,1721
五道沟,WDL,wudaogou,wdg,1722
五道河,WHP,wudaohe,wdh,1723
文地,WNZ,wendi,wd,1724
卫东,WVT,weidong,wd,1725
武当山,WRN,wudangshan,wds,1726
望都,WDP,wangdu,wd,1727
乌尔旗汗,WHX,wuerqihan,weqh,1728
潍坊,WFK,weifang,wf,1729
万发屯,WFB,wanfatun,wft,1730
王府,WUT,wangfu,wf,1731
瓦房店西,WXT,wafangdianxi,wfdx,1732
王岗,WGB,wanggang,wg,1733
武功,WGY,wugong,wg,1734
湾沟,WGL,wangou,wg,1735
吴官田,WGM,wuguantian,wgt,1736
乌海,WVC,wuhai,wh,1737
苇河,WHB,weihe,wh,1738
卫辉,WHF,weihui,wh,1739
吴家川,WCJ,wujiachuan,wjc,1740
五家,WUB,wujia,wj,1741
威箐,WAM,weiqing,wj,1742
午汲,WJP,wuji,wj,1743
渭津,WJL,weijin,wj,1744
王家湾,WJJ,wangjiawan,wjw,1745
倭肯,WQB,woken,wk,1746
五棵树,WKT,wukeshu,wks,1747
五龙背,WBT,wulongbei,wlb,1748
万乐,WEB,wanle,wl,1749
瓦拉干,WVX,walagan,wlg,1750
温岭,VHH,wenling,wl,1751
五莲,WLK,wulian,wl,1752
乌拉特前旗,WQC,wulateqianqi,wltqq,1753
卧里屯,WLX,wolitun,wlt,1754
渭南北,WBY,weinanbei,wnb,1755
乌奴耳,WRX,wunuer,wne,1756
万宁,WNQ,wanning,wn,1757
万年,WWG,wannian,wn,1758
渭南南,WVY,weinannan,wnn,1759
渭南镇,WNJ,weinanzhen,wnz,1760
沃皮,WPT,wopi,wp,1761
吴桥,WUP,wuqiao,wq,1762
汪清,WQL,wangqing,wq,1763
武清,WWP,wuqing,wq,1764
武山,WSJ,wushan,ws,1765
文水,WEV,wenshui,ws,1766
魏善庄,WSP,weishanzhuang,wsz,1767
王瞳,WTP,wangtong,wt,1768
五台山,WSV,wutaishan,wts,1769
王团庄,WZJ,wangtuanzhuang,wtz,1770
五五,WVR,wuwu,ww,1771
无锡东,WGH,wuxidong,wxd,1772
卫星,WVB,weixing,wx,1773
闻喜,WXV,wenxi,wx,1774
武乡,WVV,wuxiang,wx,1775
无锡新区,IFH,wuxixinqu,wxxq,1776
武穴,WXN,wuxue,wx,1777
吴圩,WYZ,wuxu,wx,1778
王杨,WYB,wangyang,wy,1779
武义,RYH,wuyi,wy,1780
五营,WWB,wuying,wy,1781
瓦窑田,WIM,wayaotian,wyt,1782
五原,WYC,wuyuan,wy,1783
苇子沟,WZL,weizigou,wzg,1784
韦庄,WZY,weizhuang,wz,1785
五寨,WZV,wuzhai,wz,1786
王兆屯,WZB,wangzhaotun,wzt,1787
微子镇,WQP,weizizhen,wzz,1788
魏杖子,WKD,weizhangzi,wzz,1789
新安,EAM,xinan,xa,1790
兴安,XAZ,xingan,xa,1791
新安县,XAF,xinanxian,xax,1792
新保安,XAP,xinbaoan,xba,1793
下板城,EBP,xiabancheng,xbc,1794
西八里,XLP,xibali,xbl,1795
宣城,ECH,xuancheng,xc,1796
兴城,XCD,xingcheng,xc,1797
小村,XEM,xiaocun,xc,1798
新绰源,XRX,xinchuoyuan,xcy,1799
下城子,XCB,xiachengzi,xcz,1800
新城子,XCT,xinchengzi,xcz,1801
喜德,EDW,xide,xd,1802
小得江,EJM,xiaodejiang,xdj,1803
西大庙,XMP,xidamiao,xdm,1804
小董,XEZ,xiaodong,xd,1805
小东,XOD,xiaodong,xd,1806
香坊,XFB,xiangfang,xf,1807
信丰,EFG,xinfeng,xf,1808
襄汾,XFV,xiangfen,xf,1809
息烽,XFW,xifeng,xf,1810
新干,EGG,xingan,xg,1811
轩岗,XGV,xuangang,xg,1812
孝感,XGN,xiaogan,xg,1813
西固城,XUJ,xigucheng,xgc,1814
兴国,EUG,xingguo,xg,1815
西固,XIJ,xigu,xg,1816
夏官营,XGJ,xiaguanying,xgy,1817
西岗子,NBB,xigangzi,xgz,1818
宣汉,XHY,xuanhan,xh,1819
襄河,XXB,xianghe,xh,1820
新和,XIR,xinhe,xh,1821
宣和,XWJ,xuanhe,xh,1822
斜河涧,EEP,xiehejian,xhj,1823
新华屯,XAX,xinhuatun,xht,1824
新会,EFQ,xinhui,xh,1825
新华,XHB,xinhua,xh,1826
新晃,XLQ,xinhuang,xh,1827
新化,EHQ,xinhua,xh,1828
宣化,XHP,xuanhua,xh,1829
兴和西,XEC,xinghexi,xhx,1830
小河沿,XYD,xiaoheyan,xhy,1831
下花园,XYP,xiahuayuan,xhy,1832
小河镇,EKY,xiaohezhen,xhz,1833
徐家店,HYK,xujiadian,xjd,1834
徐家,XJB,xujia,xj,1835
峡江,EJG,xiajiang,xj,1836
新绛,XJV,xinjiang,xj,1837
辛集,ENP,xinji,xj,1838
新江,XJM,xinjiang,xj,1839
西街口,EKM,xijiekou,xjk,1840
许家屯,XJT,xujiatun,xjt,1841
许家台,XTJ,xujiatai,xjt,1842
谢家镇,XMT,xiejiazhen,xjz,1843
兴凯,EKB,xingkai,xk,1844
小榄,EAQ,xiaolan,xl,1845
香兰,XNB,xianglan,xl,1846
兴隆店,XDD,xinglongdian,xld,1847
新乐,ELP,xinle,xl,1848
新林,XPX,xinlin,xl,1849
小岭,XLB,xiaoling,xl,1850
新李,XLJ,xinli,xl,1851
西林,XYB,xilin,xl,1852
西柳,GCT,xiliu,xl,1853
仙林,XPH,xianlin,xl,1854
新立屯,XLD,xinlitun,xlt,1855
兴隆县,EXP,xinglongxian,xlx,1856
兴隆镇,XZB,xinglongzhen,xlz,1857
新立镇,XGT,xinlizhen,xlz,1858
新民,XMD,xinmin,xm,1859
西麻山,XMB,ximashan,xms,1860
下马塘,XAT,xiamatang,xmt,1861
孝南,XNV,xiaonan,xn,1862
咸宁北,XRN,xianningbei,xnb,1863
兴宁,ENQ,xingning,xn,1864
咸宁,XNN,xianning,xn,1865
犀浦东,XAW,xipudong,xpd,1866
西平,XPN,xiping,xp,1867
兴平,XPY,xingping,xp,1868
新坪田,XPM,xinpingtian,xpt,1869
霞浦,XOS,xiapu,xp,1870
溆浦,EPQ,xupu,xp,1871
犀浦,XIW,xipu,xp,1872
新青,XQB,xinqing,xq,1873
新邱,XQD,xinqiu,xq,1874
兴泉堡,XQJ,xingquanbu,xqp,1875
仙人桥,XRL,xianrenqiao,xrq,1876
小寺沟,ESP,xiaosigou,xsg,1877
杏树,XSB,xingshu,xs,1878
浠水,XZN,xishui,xs,1879
下社,XSV,xiashe,xs,1880
小市,XST,xiaoshi,xs,1881
徐水,XSP,xushui,xs,1882
夏石,XIZ,xiashi,xs,1883
小哨,XAM,xiaoshao,xs,1884
秀山,ETW,xiushan,xs,1885
新松浦,XOB,xinsongpu,xsp,1886
杏树屯,XDT,xingshutun,xst,1887
许三湾,XSJ,xusanwan,xsw,1888
湘潭,XTQ,xiangtan,xt,1889
邢台,XTP,xingtai,xt,1890
向塘,XTG,xiangtang,xt,1891
仙桃西,XAN,xiantaoxi,xtx,1892
下台子,EIP,xiataizi,xtz,1893
徐闻,XJQ,xuwen,xw,1894
新窝铺,EPD,xinwopu,xwp,1895
修武,XWF,xiuwu,xw,1896
新县,XSN,xinxian,xx,1897
息县,ENN,xixian,xx,1898
西乡,XQY,xixiang,xx,1899
湘乡,XXQ,xiangxiang,xx,1900
西峡,XIF,xixia,xx,1901
孝西,XOV,xiaoxi,xx,1902
小新街,XXM,xiaoxinjie,xxj,1903
新兴县,XGQ,xinxingxian,xxx,1904
西小召,XZC,xixiaozhao,xxz,1905
小西庄,XXP,xiaoxizhuang,xxz,1906
向阳,XDB,xiangyang,xy,1907
旬阳,XUY,xunyang,xy,1908
旬阳北,XBY,xunyangbei,xyb,1909
襄阳东,XWN,xiangyangdong,xyd,1910
兴业,SNZ,xingye,xy,1911
小雨谷,XHM,xiaoyugu,xyg,1912
新沂,VIH,xinyi,xy,1913
兴义,XRZ,xingyi,xy,1914
信宜,EEQ,xinyi,xy,1915
小月旧,XFM,xiaoyuejiu,xyj,1916
小扬气,XYX,xiaoyangqi,xyq,1917
襄垣,EIF,xiangyuan,xy,1918
夏邑县,EJH,xiayixian,xyx,1919
祥云西,EXM,xiangyunxi,xyx,1920
新友谊,EYB,xinyouyi,xyy,1921
新阳镇,XZJ,xinyangzhen,xyz,1922
徐州东,UUH,xuzhoudong,xzd,1923
新帐房,XZX,xinzhangfang,xzf,1924
悬钟,XRP,xuanzhong,xz,1925
新肇,XZT,xinzhao,xz,1926
忻州,XXV,xinzhou,xz,1927
汐子,XZD,xizi,xz,1928
西哲里木,XRD,xizhelimu,xzlm,1929
新杖子,ERP,xinzhangzi,xzz,1930
姚安,YAC,yaoan,ya,1931
依安,YAX,yian,ya,1932
永安,YAS,yongan,ya,1933
永安乡,YNB,yonganxiang,yax,1934
亚布力,YBB,yabuli,ybl,1935
元宝山,YUD,yuanbaoshan,ybs,1936
羊草,YAB,yangcao,yc,1937
秧草地,YKM,yangcaodi,ycd,1938
阳澄湖,AIH,yangchenghu,ych,1939
迎春,YYB,yingchun,yc,1940
叶城,YER,yecheng,yc,1941
盐池,YKJ,yanchi,yc,1942
砚川,YYY,yanchuan,yc,1943
阳春,YQQ,yangchun,yc,1944
宜城,YIN,yicheng,yc,1945
应城,YHN,yingcheng,yc,1946
禹城,YCK,yucheng,yc,1947
晏城,YEK,yancheng,yc,1948
阳城,YNF,yangcheng,yc,1949
阳岔,YAL,yangcha,yc,1950
郓城,YPK,yuncheng,yc,1951
雁翅,YAP,yanchi,yc,1952
云彩岭,ACP,yuncailing,ycl,1953
虞城县,IXH,yuchengxian,ycx,1954
营城子,YCT,yingchengzi,ycz,1955
英德,YDQ,yingde,yd,1956
永登,YDJ,yongdeng,yd,1957
尹地,YDM,yindi,yd,1958
永定,YGS,yongding,yd,1959
阳东,WLQ,yangdong,yd,1960
雁荡山,YGH,yandangshan,yds,1961
于都,YDG,yudu,yd,1962
园墩,YAJ,yuandun,yd,1963
英德西,IIQ,yingdexi,ydx,1964
永丰营,YYM,yongfengying,yfy,1965
杨岗,YRB,yanggang,yg,1966
阳高,YOV,yanggao,yg,1967
阳谷,YIK,yanggu,yg,1968
友好,YOB,youhao,yh,1969
余杭,EVH,yuhang,yh,1970
沿河城,YHP,yanhecheng,yhc,1971
岩会,AEP,yanhui,yh,1972
羊臼河,YHM,yangjiuhe,yjh,1973
永嘉,URH,yongjia,yj,1974
阳江,WRQ,yangjiang,yj,1975
营街,YAM,yingjie,yj,1976
盐津,AEW,yanjin,yj,1977
余江,YHG,yujiang,yj,1978
燕郊,AJP,yanjiao,yj,1979
姚家,YAT,yaojia,yj,1980
岳家井,YGJ,yuejiajing,yjj,1981
一间堡,YJT,yijianpu,yjp,1982
英吉沙,YIR,yingjisha,yjs,1983
云居寺,AFP,yunjusi,yjs,1984
燕家庄,AZK,yanjiazhuang,yjz,1985
永康,RFH,yongkang,yk,1986
营口东,YGT,yingkoudong,ykd,1987
银浪,YJX,yinlang,yl,1988
永郎,YLW,yonglang,yl,1989
宜良北,YSM,yiliangbei,ylb,1990
永乐店,YDY,yongledian,yld,1991
伊拉哈,YLX,yilaha,ylh,1992
伊林,YLB,yilin,yl,1993
杨陵,YSY,yangling,yl,1994
彝良,ALW,yiliang,yl,1995
杨林,YLM,yanglin,yl,1996
余粮堡,YLD,yuliangpu,ylp,1997
杨柳青,YQP,yangliuqing,ylq,1998
月亮田,YUM,yueliangtian,ylt,1999
义马,YMF,yima,ym,2000
阳明堡,YVV,yangmingbu,ymb,2001
玉门,YXJ,yumen,ym,2002
云梦,YMN,yunmeng,ym,2003
元谋,YMM,yuanmou,ym,2004
一面山,YST,yimianshan,yms,2005
沂南,YNK,yinan,yn,2006
宜耐,YVM,yinai,yn,2007
伊宁东,YNR,yiningdong,ynd,2008
营盘水,YZJ,yingpanshui,yps,2009
羊堡,ABM,yangpu,yp,2010
阳泉北,YPP,yangquanbei,yqb,2011
乐清,UPH,yueqing,yq,2012
焉耆,YSR,yanqi,yq,2013
源迁,AQK,yuanqian,yq,2014
姚千户屯,YQT,yaoqianhutun,yqht,2015
阳曲,YQV,yangqu,yq,2016
榆树沟,YGP,yushugou,ysg,2017
月山,YBF,yueshan,ys,2018
玉石,YSJ,yushi,ys,2019
玉舍,AUM,yushe,ys,2020
偃师,YSF,yanshi,ys,2021
沂水,YUK,yishui,ys,2022
榆社,YSV,yushe,ys,2023
颍上,YVH,yingshang,ys,2024
窑上,ASP,yaoshang,ys,2025
元氏,YSP,yuanshi,ys,2026
杨树岭,YAD,yangshuling,ysl,2027
野三坡,AIP,yesanpo,ysp,2028
榆树屯,YSX,yushutun,yst,2029
榆树台,YUT,yushutai,yst,2030
鹰手营子,YIP,yingshouyingzi,ysyz,2031
源潭,YTQ,yuantan,yt,2032
牙屯堡,YTZ,yatunpu,ytp,2033
烟筒山,YSL,yantongshan,yts,2034
烟筒屯,YUX,yantongtun,ytt,2035
羊尾哨,YWM,yangweishao,yws,2036
阳西,WMQ,yangxi,yx,2037
越西,YHW,yuexi,yx,2038
攸县,YOG,youxian,yx,2039
永修,ACG,yongxiu,yx,2040
玉溪西,YXM,yuxixi,yxx,2041
弋阳,YIG,yiyang,yy,2042
余姚,YYH,yuyao,yy,2043
酉阳,AFW,youyang,yy,2044
岳阳东,YIQ,yueyangdong,yyd,2045
阳邑,ARP,yangyi,yy,2046
鸭园,YYL,yayuan,yy,2047
鸳鸯镇,YYJ,yuanyangzhen,yyz,2048
燕子砭,YZY,yanzibian,yzb,2049
仪征,UZH,yizheng,yz,2050
宜州,YSZ,yizhou,yz,2051
兖州,YZK,yanzhou,yz,2052
迤资,YQM,yizi,yz,2053
羊者窝,AEM,yangzhewo,yzw,2054
杨杖子,YZD,yangzhangzi,yzz,2055
镇安,ZEY,zhenan,za,2056
治安,ZAD,zhian,za,2057
招柏,ZBP,zhaobai,zb,2058
张百湾,ZUP,zhangbaiwan,zbw,2059
中川机场,ZJJ,zhongchuanjichang,zcjc,2060
枝城,ZCN,zhicheng,zc,2061
子长,ZHY,zichang,zc,2062
诸城,ZQK,zhucheng,zc,2063
邹城,ZIK,zoucheng,zc,2064
赵城,ZCV,zhaocheng,zc,2065
章党,ZHT,zhangdang,zd,2066
正定,ZDP,zhengding,zd,2067
肇东,ZDB,zhaodong,zd,2068
照福铺,ZFM,zhaofupu,zfp,2069
章古台,ZGD,zhanggutai,zgt,2070
赵光,ZGB,zhaoguang,zg,2071
中和,ZHX,zhonghe,zh,2072
中华门,VNH,zhonghuamen,zhm,2073
枝江北,ZIN,zhijiangbei,zjb,2074
钟家村,ZJY,zhongjiacun,zjc,2075
朱家沟,ZUB,zhujiagou,zjg,2076
紫荆关,ZYP,zijingguan,zjg,2077
周家,ZOB,zhoujia,zj,2078
诸暨,ZDH,zhuji,zj,2079
镇江南,ZEH,zhenjiangnan,zjn,2080
周家屯,ZOD,zhoujiatun,zjt,2081
褚家湾,CWJ,zhujiawan,zjw,2082
湛江西,ZWQ,zhanjiangxi,zjx,2083
朱家窑,ZUJ,zhujiayao,zjy,2084
曾家坪子,ZBW,zengjiapingzi,zjpz,2085
张兰,ZLV,zhanglan,zl,2086
镇赉,ZLT,zhenlai,zl,2087
枣林,ZIV,zaolin,zl,2088
扎鲁特,ZLD,zhalute,zlt,2089
扎赉诺尔西,ZXX,zhalainuoerxi,zlrex,2090
樟木头,ZOQ,zhangmutou,zmt,2091
中牟,ZGF,zhongmu,zm,2092
中宁东,ZDJ,zhongningdong,znd,2093
中宁,VNJ,zhongning,zn,2094
中宁南,ZNJ,zhongningnan,znn,2095
镇平,ZPF,zhenping,zp,2096
漳平,ZPS,zhangping,zp,2097
泽普,ZPR,zepu,zp,2098
枣强,ZVP,zaoqiang,zq,2099
张桥,ZQY,zhangqiao,zq,2100
章丘,ZTK,zhangqiu,zq,2101
朱日和,ZRC,zhurihe,zrh,2102
泽润里,ZLM,zerunli,zrl,2103
中山北,ZGQ,zhongshanbei,zsb,2104
樟树东,ZOG,zhangshudong,zsd,2105
珠斯花,ZHD,zhusihua,zsh,2106
中山,ZSQ,zhongshan,zs,2107
柞水,ZSY,zhashui,zs,2108
钟山,ZSZ,zhongshan,zs,2109
樟树,ZSG,zhangshu,zs,2110
珠窝,ZOP,zhuwo,zw,2111
张维屯,ZWB,zhangweitun,zwt,2112
彰武,ZWD,zhangwu,zw,2113
棕溪,ZOY,zongxi,zx,2114
钟祥,ZTN,zhongxiang,zx,2115
资溪,ZXS,zixi,zx,2116
镇西,ZVT,zhenxi,zx,2117
张辛,ZIP,zhangxin,zx,2118
正镶白旗,ZXC,zhengxiangbaiqi,zxbq,2119
紫阳,ZVY,ziyang,zy,2120
枣阳,ZYN,zaoyang,zy,2121
竹园坝,ZAW,zhuyuanba,zyb,2122
张掖,ZYJ,zhangye,zy,2123
镇远,ZUW,zhenyuan,zy,2124
漳州东,GOS,zhangzhoudong,zzd,2125
漳州,ZUS,zhangzhou,zz,2126
壮志,ZUX,zhuangzhi,zz,2127
子洲,ZZY,zizhou,zz,2128
中寨,ZZM,zhongzhai,zz,2129
涿州,ZXP,zhuozhou,zz,2130
咋子,ZAL,zhazi,zz,2131
卓资山,ZZC,zhuozishan,zzs,2132
株洲西,ZAQ,zhuzhouxi,zzx,2133
郑州西,XPF,zhengzhouxi,zzx,2134
阿巴嘎旗,AQC,abagaqi,abgq,2135
阿城北,ABB,achengbei,acb,2136
阿尔山北,ARX,aershanbei,aesb,2137
安江东,ADA,anjiangdong,ajd,2138
阿勒泰,AUR,aletai,alt,2139
安仁,ARG,anren,ar,2140
安顺西,ASE,anshunxi,asx,2141
安图西,AXL,antuxi,atx,2142
安阳东,ADF,anyangdong,ayd,2143
博白,BBZ,bobai,bb,2144
八步,BBE,babu,bb,2145
栟茶,FWH,bencha,bc,2146
保定东,BMP,baodingdong,bdd,2147
博尔塔拉,BER,boertala,betl,2148
八方山,FGQ,bafangshan,bfs,2149
白沟,FEP,baigou,bg,2150
滨海,YKP,binhai,bh,2151
滨海北,FCP,binhaibei,bhb,2152
滨海港,BGU,binhaigang,bhg,2153
滨海西,FHP,binhaixi,bhx,2154
宝鸡南,BBY,baojinan,bjn,2155
北京大兴,IPP,beijingdaxing,bjdx,2156
北井子,BRT,beijingzi,bjz,2157
八里甸子,BLT,balidianzi,bldz,2158
白马井,BFQ,baimajing,bmj,2159
北票,BPT,beipiao,bp,2160
宝清,BUB,baoqing,bq,2161
璧山,FZW,bishan,bs,2162
白沙铺,BSN,baishapu,bsp,2163
白水县,BGY,baishuixian,bsx,2164
板塘,NGQ,bantang,bt,2165
白文东,BCV,baiwendong,bwd,2166
宾西北,BBB,binxibei,bxb,2167
本溪新城,BVT,benxixincheng,bxxc,2168
步行街,BWW,buxingjie,bxj,2169
宾阳,UKZ,binyang,by,2170
白洋淀,FWP,baiyangdian,byd,2171
百宜,FHW,baiyi,by,2172
白音华南,FNC,baiyinhuanan,byhn,2173
巴中东,BDE,bazhongdong,bzd,2174
彬州,BXY,binzhou,bz,2175
滨州,BIK,binzhou,bz,2176
宾州,BZB,binzhou,bz,2177
霸州西,FOP,bazhouxi,bzx,2178
澄城,CUY,chengcheng,cc,2179
承德县北,IYP,chengdexianbei,cdxb,2180
承德南,IVP,chengdenan,cdn,2181
成都西,CMW,chengduxi,cdx,2182
曹妃甸东,POP,caofeidiandong,cfdd,2183
曹妃甸港,PGP,caofeidiangang,cfdg,2184
城固北,CBY,chenggubei,cgb,2185
查干湖,VAT,chaganhu,cgh,2186
巢湖东,GUH,chaohudong,chd,2187
从江,KNW,congjiang,cj,2188
蔡家崖,EBV,caijiaya,cjy,2189
茶卡,CVO,chaka,ck,2190
长临河,FVH,changlinhe,clh,2191
长流,CLA,changliu,cl,2192
茶陵南,CNG,chalingnan,cln,2193
常平东,FQQ,changpingdong,cpd,2194
常平南,FPQ,changpingnan,cpn,2195
长庆桥,CQJ,changqingqiao,cqq,2196
长寿北,COW,changshoubei,csb,2197
长寿湖,CSE,changshouhu,csh,2198
常山,CSU,changshan,cs,2199
潮汕,CBQ,chaoshan,cs,2200
长沙西,RXQ,changshaxi,csx,2201
朝天,CTE,chaotian,ct,2202
长汀南,CNS,changtingnan,ctn,2203
长武,CWY,changwu,cw,2204
长兴,CBH,changxing,cx,2205
苍溪,CXE,cangxi,cx,2206
楚雄,CUM,chuxiong,cx,2207
城西,CIA,chengxi,cx,2208
朝阳,VBT,chaoyang,cy,2209
长阳,CYN,changyang,cy,2210
潮阳,CNQ,chaoyang,cy,2211
朝阳湖,CYE,chaoyanghu,cyh,2212
崇州,CZE,chongzhou,cz,2213
城子坦,CWT,chengzitan,czt,2214
东安东,DCZ,dongandong,dad,2215
德保,RBZ,debao,db,2216
都昌,DCG,duchang,dc,2217
东岔,DCJ,dongcha,dc,2218
东城南,IYQ,dongchengnan,dcn,2219
东戴河,RDD,dongdaihe,ddh,2220
丹东西,RWT,dandongxi,ddx,2221
东二道河,DRB,dongerdaohe,dedh,2222
大丰,KRQ,dafeng,df,2223
大方南,DNE,dafangnan,dfn,2224
东港北,RGT,donggangbei,dgb,2225
大孤山,RMT,dagushan,dgs,2226
东莞,RTQ,dongguan,dg,2227
鼎湖东,UWQ,dinghudong,dhd,2228
鼎湖山,NVQ,dinghushan,dhs,2229
道滘,RRQ,daojiao,dj,2230
垫江,DJE,dianjiang,dj,2231
洞井,FWQ,dongjing,dj,2232
董家口,DTK,dongjiakou,djk,2233
大苴,DIM,daju,dj,2234
洞口,DKA,dongkou,dk,2235
达连河,DCB,dalianhe,dlh,2236
大荔,DNY,dali,dl,2237
大朗镇,KOQ,dalangzhen,dlz,2238
得莫利,DTB,demoli,dml,2239
大青沟,DSD,daqinggou,dqg,2240
德清,DRH,deqing,dq,2241
东胜东,RSC,dongshengdong,dsd,2242
砀山南,PRH,dangshannan,dsn,2243
大石头南,DAL,dashitounan,dstn,2244
当涂东,OWH,dangtudong,dtd,2245
大通西,DTO,datongxi,dtx,2246
大旺,WWQ,dawang,dw,2247
定西北,DNJ,dingxibei,dxb,2248
大兴机场,IWP,daxingjichang,dxjc,2249
德兴东,DDG,dexingdong,dxd,2250
德兴,DWG,dexing,dx,2251
丹霞山,IRQ,danxiashan,dxs,2252
大阳,RET,dayang,dy,2253
大冶北,DBN,dayebei,dyb,2254
都匀东,KJW,duyundong,dyd,2255
大邑,DEE,dayi,dy,2256
东营南,DOK,dongyingnan,dyn,2257
大余,DYG,dayu,dy,2258
定州东,DOP,dingzhoudong,dzd,2259
端州,WZQ,duanzhou,dz,2260
大足南,FQW,dazunan,dzn,2261
额敏,EMR,emin,em,2262
峨眉山,IXW,emeishan,ems,2263
阿房宫,EGY,epanggong,epg,2264
鄂州东,EFN,ezhoudong,ezd,2265
防城港北,FBZ,fangchenggangbei,fcgb,2266
凤城东,FDT,fengchengdong,fcd,2267
富川,FDZ,fuchuan,fc,2268
繁昌西,PUH,fanchangxi,fcx,2269
丰都,FUW,fengdu,fd,2270
涪陵北,FEW,fulingbei,flb,2271
枫林,FLN,fenglin,fl,2272
阜宁东,FDU,funingdong,fnd,2273
富宁,FNM,funing,fn,2274
佛坪,FUY,foping,fp,2275
法启,FQE,faqi,fq,2276
芙蓉南,KCQ,furongnan,frn,2277
复盛,FAW,fusheng,fs,2278
抚松,FSL,fusong,fs,2279
佛山西,FOQ,foshanxi,fsx,2280
福山镇,FZQ,fushanzhen,fsz,2281
福田,NZQ,futian,ft,2282
阜新,FOT,fuxin,fx,2283
富阳,FYU,fuyang,fy,2284
富源北,FBM,fuyuanbei,fyb,2285
抚远,FYB,fuyuan,fy,2286
抚州东,FDG,fuzhoudong,fzd,2287
抚州,FZG,fuzhou,fz,2288
方正,FNB,fangzheng,fz,2289
福州 南,FXS,fuzhounan,fzn,2290
高安,GCG,gaoan,ga,2291
广安南,VUW,guangannan,gan,2292
贵安,GAE,guian,ga,2293
高碑店东,GMP,gaobeidiandong,gbdd,2294
古北口,GKP,gubeikou,gbk,2295
恭城,GCZ,gongcheng,gc,2296
藁城南,GUP,gaochengnan,gcn,2297
贵定北,FMW,guidingbei,gdb,2298
葛店南,GNN,gediannan,gdn,2299
贵定县,KIW,guidingxian,gdx,2300
广汉北,GVW,guanghanbei,ghb,2301
高花,HGD,gaohua,gh,2302
革居,GEM,geju,gj,2303
高楞,GLB,gaoleng,gl,2304
关岭,GLE,guanling,gl,2305
桂林西,GEZ,guilinxi,glx,2306
高密北,GVK,gaomibei,gmb,2307
光明城,IMQ,guangmingcheng,gmc,2308
广宁,FBQ,guangning,gn,2309
广宁寺,GQT,guangningsi,gns,2310
广南县,GXM,guangnanxian,gnx,2311
桂平,GAZ,guiping,gp,2312
弓棚子,GPT,gongpengzi,gpz,2313
赶水东,GDE,ganshuidong,gsd,2314
光山,GUN,guangshan,gs,2315
谷山,FFQ,gushan,gs,2316
观沙岭,FKQ,guanshaling,gsl,2317
古田北,GBS,gutianbei,gtb,2318
广通北,GPM,guangtongbei,gtb,2319
高台南,GAJ,gaotainan,gtn,2320
古田会址,STS,gutianhuizhi,gthz,2321
贵阳北,KQW,guiyangbei,gyb,2322
贵阳东,KEW,guiyangdong,gyd,2323
赣榆,GYU,ganyu,gy,2324
高邑西,GNP,gaoyixi,gyx,2325
惠安,HNS,huian,ha,2326
淮北北,PLH,huaibeibei,hbb,2327
鹤壁东,HFF,hebidong,hbd,2328
花博山,KBT,huaboshan,hbs,2329
寒葱沟,HKB,hanconggou,hcg,2330
霍城,SER,huocheng,hc,2331
珲春,HUL,hunchun,hc,2332
横道河子东,KUX,hengdaohezidong,hdhzd,2333
邯郸东,HPP,handandong,hdd,2334
惠东,KDQ,huidong,hd,2335
哈达铺,HDJ,hadapu,hdp,2336
洪洞西,HTV,hongtongxi,hdx,2337
海东西,HDO,haidongxi,hdx,2338
哈尔滨北,HTB,haerbinbei,hebb,2339
合肥北城,COH,hefeibeicheng,hfbc,2340
合肥南,ENH,hefeinan,hfn,2341
黄冈,KGN,huanggang,hg,2342
黄冈东,KAN,huanggangdong,hgd,2343
横沟桥东,HNN,henggouqiaodong,hgqd,2344
黄冈西,KXN,huanggangxi,hgx,2345
洪河,HPB,honghe,hh,2346
怀化南,KAQ,huaihuanan,hhn,2347
黄河景区,HCF,huanghejingqu,hhjq,2348
惠环,KHQ,huihuan,hh,2349
花湖,KHN,huahu,hh,2350
后湖,IHN,houhu,hh,2351
怀集,FAQ,huaiji,hj,2352
河口北,HBM,hekoubei,hkb,2353
宏克力,OKB,hongkeli,hkl,2354
海林北,KBX,hailinbei,hlb,2355
黄流,KLQ,huangliu,hl,2356
黄陵南,VLY,huanglingnan,hln,2357
鲘门,KMQ,houmen,hm,2358
海门,HMU,haimen,hm,2359
虎门,IUQ,humen,hm,2360
侯马西,HPV,houmaxi,hmx,2361
衡南,HNG,hengnan,hn,2362
淮南东,HOH,huainandong,hnd,2363
合浦,HVZ,hepu,hp,2364
霍邱,FBH,huoqiu,hq,2365
怀仁东,HFV,huairendong,hrd,2366
华容东,HPN,huarongdong,hrd,2367
华容南,KRN,huarongnan,hrn,2368
黑山北,HQT,heishanbei,hsb,2369
衡水北,IHP,hengshuibei,hsb,2370
黄山北,NYH,huangshanbei,hsb,2371
黄石北,KSN,huangshibei,hsb,2372
贺胜桥东,HLN,heshengqiaodong,hsqd,2373
和硕,VUR,heshuo,hs,2374
花山南,KNN,huashannan,hsn,2375
黑山寺,HVP,heishansi,hss,2376
荷塘,KXQ,hetang,ht,2377
黄土店,HKP,huangtudian,htd,2378
海阳北,HEK,haiyangbei,hyb,2379
合阳北,HTY,heyangbei,hyb,2380
槐荫,IYN,huaiyin,hy,2381
鄠邑,KXY,huyi,hyi,2382
花园口,HYT,huayuankou,hyk,2383
霍州东,HWV,huozhoudong,hzd,2384
惠州南,KNQ,huizhounan,hzn,2385
建安,JUL,jianan,ja,2386
泾川,JAJ,jingchuan,jc,2387
碱厂,JUT,jianchang,jc,2388
景德镇北,JDG,jingdezhenbei,jdzb,2389
旌德,NSH,jingde,jd,2390
建德,JDU,jiande,jd,2391
尖峰,PFQ,jianfeng,jf,2392
近海,JHD,jinhai,jh,2393
蛟河西,JOL,jiaohexi,jhx,2394
军粮城北,JMP,junliangchengbei,jlcb,2395
将乐,JLS,jiangle,jl,2396
贾鲁河,JLF,jialuhe,jlh,2397
九郎山,KJQ,jiulangshan,jls,2398
即墨北,JVK,jimobei,jmb,2399
剑门关,JME,jianmenguan,jmg,2400
佳木斯西,JUB,jiamusixi,jmsx,2401
建宁县北,JCS,jianningxianbei,jnxb,2402
济南东,MDK,jinandong,jnd,2403
江宁,JJH,jiangning,jn,2404
江宁西,OKH,jiangningxi,jnx,2405
建瓯西,JUS,jianouxi,jox,2406
酒泉南,JNJ,jiuquannan,jqn,2407
句容西,JWH,jurongxi,jrx,2408
建水,JSM,jianshui,js,2409
尖山,JPQ,jianshan,js,2410
界首市,JUN,jieshoushi,jss,2411
绩溪北,NRH,jixibei,jxb,2412
介休东,JDV,jiexiudong,jxd,2413
泾县,LOH,jingxian,jx,2414
靖西,JMZ,jingxi,jx,2415
进贤南,JXG,jinxiannan,jxn,2416
江油北,JBE,jiangyoubei,jyb,2417
简阳南,JOW,jianyangnan,jyn,2418
嘉峪关南,JBJ,jiayuguannan,jygn,2419
金银潭,JTN,jinyintan,jyt,2420
靖宇,JYL,jingyu,jy,2421
金月湾,PYQ,jinyuewan,jyw,2422
缙云西,PYH,jinyunxi,jyx,2423
景州,JEP,jingzhou,jz,2424
晋中,JZV,jinzhong,jz,2425
开封北,KBF,kaifengbei,kfb,2426
开福寺,FLQ,kaifusi,kfs,2427
开化,KHU,kaihua,kh,2428
凯里南,QKW,kailinan,kln,2429
库伦,KLD,kulun,kl,2430
昆明南,KOM,kunmingnan,kmn,2431
葵潭,KTQ,kuitan,kt,2432
开阳,KVW,kaiyang,ky,2433
昆玉,ESR,kunyu,ky,2434
喀左,KZT,kazuo,kz,2435
隆安东,IDZ,longandong,lad,2436
来宾北,UCZ,laibinbei,lbb,2437
灵璧,GMH,lingbi,lb,2438
寮步,LTQ,liaobu,lb,2439
绿博园,LCF,lvboyuan,lby,2440
隆昌北,NWW,longchangbei,lcb,2441
乐昌东,ILQ,lechangdong,lcd,2442
临城,UUP,lincheng,lc,2443
罗城,VCZ,luocheng,lc,2444
陵城,LGK,lingcheng,lc,2445
老城镇,ACQ,laochengzhen,lcz,2446
龙洞堡,FVW,longdongbao,ldb,2447
乐都南,LVO,ledunan,ldn,2448
娄底南,UOQ,loudinan,ldn,2449
乐东,UQQ,ledong,ld,2450
离堆公园,INW,liduigongyuan,ldgy,2451
娄烦,USV,loufan,lf,2452
陆丰,LLQ,lufeng,lf,2453
龙丰,KFQ,longfeng,lf,2454
禄丰南,LQM,lufengnan,lfn,2455
临汾西,LXV,linfenxi,lfx,2456
临高南,KGQ,lingaonan,lgn,2457
麓谷,BNQ,lugu,lg,2458
滦河,UDP,luanhe,lh,2459
珞璜南,LNE,luohuangnan,lhn,2460
隆回,LHA,longhui,lh,2461
漯河西,LBN,luohexi,lhx,2462
罗江东,IKW,luojiangdong,ljd,2463
柳江,UQZ,liujiang,lj,2464
利津南,LNK,lijinnan,ljn,2465
兰考南,LUF,lankaonan,lkn,2466
龙口市,UKK,longkoushi,lks,2467
龙里北,KFW,longlibei,llb,2468
兰陵北,COK,lanlingbei,llb,2469
沥林北,KBQ,lilinbei,llb,2470
醴陵东,UKQ,lilingdong,lld,2471
陇南,INJ,longnan,ln,2472
梁平南,LPE,liangpingnan,lpn,2473
龙桥,LQU,longqiao,lq,2474
礼泉,LGY,liquan,lq,2475
灵石东,UDV,lingshidong,lsd,2476
乐山,IVW,leshan,ls,2477
龙市,LAG,longshi,ls,2478
溧水,LDH,lishui,ls,2479
娄山关南,LSE,loushanguannan,lsgn,2480
岚山西,UWK,lanshanxi,lsx,2481
洛湾三江,KRW,luowansanjiang,lwsj,2482
莱西北,LBK,laixibei,lxb,2483
岚县,UXV,lanxian,lx,2484
溧阳,LEH,liyang,ly,2485
临邑,LUK,linyi,ly,2486
柳园南,LNR,liuyuannan,lyn,2487
鹿寨北,LSZ,luzhaibei,lzb,2488
临淄北,UEK,linzibei,lzb,2489
阆中,LZE,langzhong,lz,2490
临泽南,LDJ,linzenan,lzn,2491
马鞍山东,OMH,maanshandong,masd,2492
毛陈,MHN,maochen,mc,2493
帽儿山西,MUB,mershanxi,mesx,2494
明港东,MDN,minggangdong,mgd,2495
民和南,MNO,minhenan,mhn,2496
闵集,MJN,minji,mj,2497
马兰,MLR,malan,ml,2498
民乐,MBJ,minle,ml,2499
弥勒,MLM,mile,ml,2500
玛纳斯,MSR,manasi,mns,2501
牟平,MBK,muping,mp,2502
闽清北,MBS,minqingbei,mqb,2503
民权北,MIF,minquanbei,mqb,2504
眉山东,IUW,meishandong,msd,2505
名山,MSE,mingshan,ms,2506
庙山,MSN,miaoshan,ms,2507
岷县,MXJ,minxian,mx,2508
门源,MYO,menyuan,my,2509
暮云,KIQ,muyun,my,2510
蒙自北,MBM,mengzibei,mzb,2511
孟庄,MZF,mengzhuang,mz,2512
蒙自,MZM,mengzi,mz,2513
南部,NBE,nanbu,nb,2514
南曹,NEF,nancao,nc,2515
南充北,NCE,nanchongbei,ncb,2516
南城,NDG,nancheng,nc,2517
南 昌,NOG,nanchang,nc,2518
南昌西,NXG,nanchangxi,ncx,2519
宁东南,NDJ,ningdongnan,ndn,2520
宁东,NOJ,ningdong,nd,2521
南芬北,NUT,nanfenbei,nfb,2522
南丰,NFG,nanfeng,nf,2523
南湖东,NDN,nanhudong,nhd,2524
牛河梁,LKT,niuheliang,nhl,2525
南华,NAM,nanhua,nh,2526
内江北,NKW,neijiangbei,njb,2527
南江,FIW,nanjiang,nj,2528
南江口,NDQ,nanjiangkou,njk,2529
奈林皋,NGT,nailingao,nlg,2530
南陵,LLH,nanling,nl,2531
尼木,NMO,nimu,nm,2532
南宁东,NFZ,nanningdong,nnd,2533
南宁西,NXZ,nanningxi,nnx,2534
南平北,NBS,nanpingbei,npb,2535
南堡北,TLP,nanpubei,npb,2536
宁强南,NOY,ningqiangnan,nqn,2537
泥溪,NIE,nixi,nxi,2538
南雄,NCQ,nanxiong,nx,2539
纳雍,NYE,nayong,ny,2540
南阳寨,NYF,nanyangzhai,nyz,2541
普安,PAN,puan,pa,2542
普安县,PUE,puanxian,pax,2543
屏边,PBM,pingbian,pb,2544
平坝南,PBE,pingbanan,pbn,2545
平昌,PCE,pingchang,pc,2546
普定,PGW,puding,pd,2547
平度,PAK,pingdu,pd,2548
蒲江,PJE,pujiang,pj,2549
皮口,PUT,pikou,pk,2550
盘龙城,PNN,panlongcheng,plc,2551
蓬莱市,POK,penglaishi,pls,2552
普宁,PEQ,puning,pn,2553
平南南,PAZ,pingnannan,pnn,2554
平泉北,PBP,pingquanbei,pqb,2555
彭山北,PPW,pengshanbei,psb,2556
屏山,PSE,pingshan,psh,2557
盘山,PUD,panshan,ps,2558
坪上,PSK,pingshang,ps,2559
萍乡北,PBG,pingxiangbei,pxb,2560
鄱阳,PYG,poyang,py,2561
濮阳,PYF,puyang,py,2562
平遥古城,PDV,pingyaogucheng,pygc,2563
平原东,PUK,pingyuandong,pyd,2564
普者黑,PZM,puzhehei,pzh,2565
盘州,PAE,panzhou,pz,2566
彭州,PMW,pengzhou,pz,2567
彭州南,PKW,pengzhounan,pzn,2568
秦安,QGJ,qinan,qa,2569
青白江东,QFW,qingbaijiangdong,qbjd,2570
青川,QCE,qingchuan,qc,2571
青岛北,QHK,qingdaobei,qdb,2572
千岛湖,QDU,qiandaohu,qdh,2573
祁东,QMQ,qidong,qd,2574
启东,QOU,qidong,qd,2575
青堆,QET,qingdui,qd,2576
青岛西,QUK,qingdaoxi,qdx,2577
前锋,QFB,qianfeng,qf,2578
清河门北,QBD,qinghemenbei,qhmb,2579
齐河,QIK,qihe,qh,2580
曲靖北,QBM,qujingbei,qjb,2581
綦江东,QDE,qijiangdong,qjd,2582
曲江,QIM,qujiang,qj,2583
邛崃,QLE,qionglai,ql,2584
青莲,QEW,qinglian,ql,2585
齐齐哈尔南,QNB,qiqihaernan,qqhen,2586
清水北,QEJ,qingshuibei,qsb,2587
青神,QVW,qingshen,qs,2588
岐山,QAY,qishan,qs,2589
庆盛,QSQ,qingsheng,qs,2590
清水县,QIJ,qingshuixian,qsx,2591
曲水县,QSO,qushuixian,qsx,2592
犍为,JWE,qianwei,qwe,2593
祁县东,QGV,qixiandong,qxd,2594
乾县,QBY,qianxian,qx,2595
旗下营南,QNC,qixiayingnan,qxyn,2596
祁阳,QWQ,qiyang,qy,2597
青州市北,QOK,qingzhoushibei,qzsb,2598
乔庄东,QEP,qiaozhuangdong,qzd,2599
全州南,QNZ,quanzhounan,qzn,2600
棋子湾,QZQ,qiziwan,qzw,2601
仁布,RUO,renbu,rb,2602
荣昌北,RQW,rongchangbei,rcb,2603
荣成,RCK,rongcheng,rc,2604
瑞昌西,RXG,ruichangxi,rcx,2605
如东,RIH,rudong,rd,2606
榕江,RVW,rongjiang,rj,2607
日喀则,RKO,rikaze,rkz,2608
饶平,RVQ,raoping,rp,2609
日照西,KZK,rizhaoxi,rzx,2610
宋城路,SFF,songchenglu,scl,2611
三道湖,SDL,sandaohu,sdh,2612
邵东,FIQ,shaodong,sd,2613
三都县,KKW,sanduxian,sdx,2614
胜芳,SUP,shengfang,sf,2615
双峰北,NFQ,shuangfengbei,sfb,2616
商河,SOK,shanghe,sh,2617
泗洪,GQH,sihong,sh,2618
双河市,OHR,shuangheshi,shs,2619
四会,AHQ,sihui,sh,2620
石家庄东,SXP,shijiazhuangdong,sjzd,2621
三江南,SWZ,sanjiangnan,sjn,2622
三井子,OJT,sanjingzi,sjz,2623
四棵树,SIR,sikeshu,sks,2624
双流机场,IPW,shuangliujichang,sljc,2625
双龙湖,OHB,shuanglonghu,slh,2626
石林西,SYM,shilinxi,slx,2627
双流西,IQW,shuangliuxi,slx,2628
胜利镇,OLB,shenglizhen,slz,2629
三明北,SHS,sanmingbei,smb,2630
三明,SVS,sanming,sm,2631
嵩明,SVM,songming,sm,2632
树木岭,FMQ,shumuling,sml,2633
神木,HMY,shenmu,sm,2634
苏尼特左旗,ONC,sunitezuoqi,sntzq,2635
山坡东,SBN,shanpodong,spd,2636
石桥,SQE,shiqiao,sq,2637
沈丘,SQN,shenqiu,sq,2638
鄯善北,SMR,shanshanbei,ssb,2639
狮山北,NSQ,shishanbei,ssb,2640
三水北,ARQ,sanshuibei,ssb,2641
松山湖北,KUQ,songshanhubei,sshb,2642
狮山,KSQ,shishan,ss,2643
三水南,RNQ,sanshuinan,ssn,2644
韶山南,INQ,shaoshannan,ssn,2645
三穗,QHW,sansui,ss,2646
石梯,STE,shiti,st,2647
汕尾,OGQ,shanwei,sw,2648
歙县北,NPH,shexianbei,sxb,2649
绍兴北,SLH,shaoxingbei,sxb,2650
绍兴东,SSH,shaoxingdong,sxd,2651
泗县,GPH,sixian,sx,2652
始兴,IPQ,shixing,sx,2653
双洋,SQS,shuangyang,sy,2654
泗阳,MPH,siyang,sy,2655
三阳,SYU,sanyang,sy,2656
射阳,SAU,sheyang,sy,2657
双阳,OYT,shuangyang,sy,2658
邵阳北,OVQ,shaoyangbei,syb,2659
松原北,OCT,songyuanbei,syb,2660
山阴,SNV,shanyin,sy,2661
邵阳西,SXA,shaoyangxi,syx,2662
沈阳西,OOT,shenyangxi,syx,2663
深圳北,IOQ,shenzhenbei,szb,2664
神州,SRQ,shenzhou,sz,2665
尚志南,OZB,shangzhinan,szn,2666
深圳坪山,IFQ,shenzhenpingshan,szps,2667
石嘴山,QQJ,shizuishan,szs,2668
石柱县,OSW,shizhuxian,szx,2669
台安南,TAD,taiannan,tan,2670
桃村北,TOK,taocunbei,tcb,2671
铁厂沟,TJR,tiechanggou,tcg,2672
塔城,TZR,tacheng,tc,2673
铁刹山,PST,tiechashan,tcs,2674
田东北,TBZ,tiandongbei,tdb,2675
土地堂东,TTN,tuditangdong,tdtd,2676
太谷西,TIV,taiguxi,tgx,2677
吐哈,THR,tuha,th,2678
通海,TAM,tonghai,th,2679
太和北,JYN,taihebei,thb,2680
天河机场,TJN,tianhejichang,thjc,2681
天河街,TEN,tianhejie,thj,2682
唐海南,IEP,tanghainan,thn,2683
通化县,TXL,tonghuaxian,thx,2684
同江,TJB,tongjiang,tj,2685
托克托东,TVC,tuoketuodong,tktd,2686
吐鲁番北,TAR,tulufanbei,tlfb,2687
铜陵北,KXH,tonglingbei,tlb,2688
桐庐,TLU,tonglu,tl,2689
泰宁,TNS,taining,tn,2690
铜仁南,TNW,tongrennan,trn,2691
天水南,TIJ,tianshuinan,tsn,2692
通渭,TWJ,tongwei,tw,2693
田心东,KQQ,tianxindong,txd,2694
汤逊湖,THN,tangxunhu,txh,2695
藤县,TAZ,tengxian,tx,2696
太原南,TNV,taiyuannan,tyn,2697
通远堡西,TST,tongyuanpuxi,typx,2698
桐梓北,TBE,tongzibei,tzb,2699
桐梓东,TDE,tongzidong,tzd,2700
通州,TOP,tongzhou,tz,2701
吴川,WAQ,wuchuan,wc,2702
文登东,WGK,wendengdong,wdd,2703
潍坊北,WJK,weifangbei,wfb,2704
五府山,WFG,wufushan,wfs,2705
威虎岭北,WBL,weihulingbei,whlb,2706
威海北,WHK,weihaibei,whb,2707
苇河西,WIB,weihexi,whx,2708
温江,WJE,wenjiang,wj,2709
魏家泉,WJR,weijiaquan,wjq,2710
乌兰察布,WPC,wulanchabu,wlcb,2711
五龙背东,WMT,wulongbeidong,wlbd,2712
乌龙泉南,WFN,wulongquannan,wlqn,2713
乌兰木图,VLT,wulanmutu,wlmt,2714
五女山,WET,wunvshan,wns,2715
武胜,WSE,wusheng,ws,2716
乌苏,WSR,wusu,ws,2717
五通,WTZ,wutong,wt,2718
无为,IIH,wuwei,ww,2719
无为南,WWU,wuweinan,wwn,2720
瓦屋山,WAH,wawushan,wws,2721
闻喜西,WOV,wenxixi,wxx,2722
武义北,WDH,wuyibei,wyb,2723
武夷山北,WBS,wuyishanbei,wysb,2724
武夷山东,WCS,wuyishandong,wysd,2725
婺源,WYG,wuyuan,wy,2726
渭源,WEJ,weiyuan,wy,2727
万州北,WZE,wanzhoubei,wzb,2728
武陟,WIF,wuzhi,wz,2729
梧州南,WBZ,wuzhounan,wzn,2730
兴安北,XDZ,xinganbei,xab,2731
许昌东,XVF,xuchangdong,xcd,2732
项城,ERN,xiangcheng,xc,2733
新都东,EWW,xindudong,xdd,2734
西渡,XDA,xidu,xd,2735
西丰,XFT,xifeng,xf,2736
先锋,NQQ,xianfeng,xf,2737
湘府路,FVQ,xiangfulu,xfl,2738
襄汾西,XTV,xiangfenxi,xfx,2739
孝感北,XJN,xiaoganbei,xgb,2740
孝感东,GDN,xiaogandong,xgd,2741
夏格庄,XZK,xiagezhuang,xgz,2742
西湖东,WDQ,xihudong,xhd,2743
新化南,EJQ,xinhuanan,xhn,2744
新晃西,EWQ,xinhuangxi,xhx,2745
新津,IRW,xinjin,xj,2746
小金口,NKQ,xiaojinkou,xjk,2747
辛集南,IJP,xinjinan,xjn,2748
新津南,ITW,xinjinnan,xjn,2749
西来,XLE,xilai,xl,2750
新民北,XOT,xinminbei,xmb,2751
厦 门,EMS,xiamen,xm,2752
咸宁东,XKN,xianningdong,xnd,2753
咸宁南,UNN,xianningnan,xnn,2754
溆浦南,EMQ,xupunan,xpn,2755
西平西,EGQ,xipingxi,xpx,2756
响水县,XSU,xiangshuixian,xsx,2757
湘潭北,EDQ,xiangtanbei,xtb,2758
邢台东,EDP,xingtaidong,xtd,2759
西乌旗,XWC,xiwuqi,xwq,2760
修武西,EXF,xiuwuxi,xwx,2761
修文县,XWE,xiuwenxian,xwx,2762
萧县北,QSH,xiaoxianbei,xxb,2763
新香坊北,RHB,xinxiangfangbei,xxfb,2764
新乡东,EGF,xinxiangdong,xxd,2765
岫岩,XXT,xiuyan,xy,2766
新余北,XBG,xinyubei,xyb,2767
西阳村,XQF,xiyangcun,xyc,2768
信阳东,OYN,xinyangdong,xyd,2769
咸阳秦都,XOY,xianyangqindu,xyqd,2770
秀英,XYA,xiuying,xy,2771
仙游,XWS,xianyou,xy,2772
祥云,XQM,xiangyun,xy,2773
新郑机场,EZF,xinzhengjichang,xzjc,2774
香樟路,FNQ,xiangzhanglu,xzl,2775
忻州西,IXV,xinzhouxi,xzx,2776
雅安,YAE,yaan,ya,2777
永安南,YQS,yongannan,yan,2778
迎宾路,YFW,yingbinlu,ybl,2779
亚布力西,YSB,yabulixi,yblx,2780
宜宾西,YXE,yibinxi,ybx,2781
永城北,RGH,yongchengbei,ycb,2782
盐城北,AEH,yanchengbei,ycb,2783
运城北,ABV,yunchengbei,ycb,2784
永川东,WMW,yongchuandong,ycd,2785
禹城东,YSK,yuchengdong,ycd,2786
宜春,YEG,yichun,yc,2787
岳池,AWW,yuechi,yc,2788
云东海,NAQ,yundonghai,ydh,2789
姚渡,AOJ,yaodu,yd,2790
云浮东,IXQ,yunfudong,yfd,2791
永福南,YBZ,yongfunan,yfn,2792
雨格,VTM,yuge,yg,2793
洋河,GTH,yanghe,yh,2794
永济北,AJV,yongjibei,yjb,2795
弋江,RVH,yijiang,yj,2796
延吉西,YXL,yanjixi,yjx,2797
永康南,QUH,yongkangnan,ykn,2798
依兰,YEB,yilan,yl,2799
运粮河,YEF,yunlianghe,ylh,2800
炎陵,YAG,yanling,yl,2801
杨陵南,YEY,yanglingnan,yln,2802
羊马,YME,yangma,ym,2803
一面坡北,YXB,yimianpobei,ympb,2804
伊敏,YMX,yimin,ym,2805
郁南,YKQ,yunan,yn,2806
云南驿,ANM,yunnanyi,yny,2807
银瓶,KPQ,yinping,yp,2808
延平西,YWS,yanpingxi,ypx,2809
原平西,IPV,yuanpingxi,ypx,2810
雁栖湖,FGP,yanqihu,yqh,2811
杨桥,YQA,yangqiao,yq,2812
阳曲西,IQV,yangquxi,yqx,2813
阳朔,YCZ,yangshuo,ys,2814
永寿,ASY,yongshou,ys,2815
云山,KZQ,yunshan,ys,2816
玉山南,YGG,yushannan,ysn,2817
雁石南,YMS,yanshinan,ysn,2818
永泰,YTS,yongtai,yt,2819
银滩,CTQ,yintan,yt,2820
鹰潭北,YKG,yingtanbei,ytb,2821
烟台南,YLK,yantainan,ytn,2822
伊通,YTL,yitong,yt,2823
烟台西,YTK,yantaixi,ytx,2824
尤溪,YXS,youxi,yx,2825
云霄,YBS,yunxiao,yx,2826
宜兴,YUH,yixing,yx,2827
玉溪,AXM,yuxi,yx,2828
应县,YZV,yingxian,yx,2829
阳信,YVK,yangxin,yx,2830
攸县南,YXG,youxiannan,yxn,2831
洋县西,YXY,yangxianxi,yxx,2832
义县西,YSD,yixianxi,yxx,2833
余姚北,CTH,yuyaobei,yyb,2834
榆中,IZJ,yuzhong,yz,2835
诏安,ZDS,zhaoan,za,2836
淄博北,ZRK,zibobei,zbb,2837
正定机场,ZHP,zhengdingjichang,zdjc,2838
准东,ZER,zhundong,zd,2839
纸坊东,ZMN,zhifangdong,zfd,2840
准格尔,ZEC,zhungeer,zge,2841
庄河北,ZUT,zhuanghebei,zhb,2842
昭化,ZHW,zhaohua,zh,2843
织金北,ZJE,zhijinbei,zjb,2844
张家川,ZIJ,zhangjiachuan,zjc,2845
芷江,ZPQ,zhijiang,zj,2846
织金,IZW,zhijin,zj,2847
张家口南,IXP,zhangjiakounan,zjkn,2848
仲恺,KKQ,zhongkai,zk,2849
曾口,ZKE,zengkou,zk,2850
珠琳,ZOM,zhulin,zl,2851
左岭,ZSN,zuoling,zl,2852
樟木头东,ZRQ,zhangmutoudong,zmtd,2853
驻马店西,ZLN,zhumadianxi,zmdx,2854
邹平,ZLK,zouping,zp,2855
漳浦,ZCS,zhangpu,zp,2856
漳平西,ZXG,zhangpingxi,zpx,2857
章丘北,ZVK,zhangqiubei,zqb,2858
肇庆东,FCQ,zhaoqingdong,zqd,2859
庄桥,ZQH,zhuangqiao,zq,2860
昭山,KWQ,zhaoshan,zs,2861
钟山西,ZAZ,zhongshanxi,zsx,2862
朱砂古镇,ZSE,zhushaguzhen,zsgz,2863
漳县,ZXJ,zhangxian,zx,2864
资阳北,FYW,ziyangbei,zyb,2865
遵义,ZYE,zunyi,zy,2866
遵义南,ZNE,zunyinan,zyn,2867
张掖西,ZEJ,zhangyexi,zyx,2868
资中北,WZW,zizhongbei,zzb,2869
涿州东,ZAP,zhuozhoudong,zzd,2870
枣庄东,ZNK,zaozhuangdong,zzd,2871
卓资东,ZDC,zhuozidong,zzd,2872
郑州东,ZAF,zhengzhoudong,zzd,2873
株洲南,KVQ,zhuzhounan,zzn,2874
